iteration,loss,elapsed,optimizer,lr,weight_decay,momentum,batch_size,optim,scheduler,running_best,tuner,seed
1,-0.3334,89.378427028656,GridSearch,0.00010000000000000009,1.0000000000000004e-06,0.5,32,sgd,cosine,-0.3334,GridSearch,0
2,-0.3072,159.35759162902832,GridSearch,0.00010000000000000009,1.0000000000000004e-06,0.5,32,sgd,step,-0.3334,GridSearch,0
3,-0.3944,227.07964658737183,GridSearch,0.00010000000000000009,1.0000000000000004e-06,0.5,32,sgd,none,-0.3944,GridSearch,0
4,-0.7766,299.02857303619385,GridSearch,0.00010000000000000009,1.0000000000000004e-06,0.5,32,adam,cosine,-0.7766,GridSearch,0
5,-0.7502,370.49903082847595,GridSearch,0.00010000000000000009,1.0000000000000004e-06,0.5,32,adam,step,-0.7766,GridSearch,0
6,-0.7482,441.57470059394836,GridSearch,0.00010000000000000009,1.0000000000000004e-06,0.5,32,adam,none,-0.7766,GridSearch,0
7,-0.7678,511.79050517082214,GridSearch,0.00010000000000000009,1.0000000000000004e-06,0.5,32,adamw,cosine,-0.7766,GridSearch,0
8,-0.7534,580.6696040630341,GridSearch,0.00010000000000000009,1.0000000000000004e-06,0.5,32,adamw,step,-0.7766,GridSearch,0
9,-0.7416,650.6539697647095,GridSearch,0.00010000000000000009,1.0000000000000004e-06,0.5,32,adamw,none,-0.7766,GridSearch,0
10,-0.7914,720.2393503189087,GridSearch,0.00010000000000000009,1.0000000000000004e-06,0.5,32,rmsprop,cosine,-0.7914,GridSearch,0
11,-0.742,791.4551661014557,GridSearch,0.00010000000000000009,1.0000000000000004e-06,0.5,32,rmsprop,step,-0.7914,GridSearch,0
12,-0.7784,862.8668575286865,GridSearch,0.00010000000000000009,1.0000000000000004e-06,0.5,32,rmsprop,none,-0.7914,GridSearch,0
1,-0.53,80.07597303390503,RandomSearch,0.022703989398041757,1.1999049779393521e-05,0.5200770267287353,34,rmsprop,none,-0.53,RandomSearch,0
2,-0.4586,155.45455169677734,RandomSearch,0.017535878919144307,0.000827915939467036,0.7663762458180572,428,rmsprop,cosine,-0.53,RandomSearch,0
3,-0.1,177.9476022720337,RandomSearch,0.14842692860126866,1.362518165784107e-06,0.8575311687506726,52,rmsprop,step,-0.53,RandomSearch,0
4,-0.7202,253.43487811088562,RandomSearch,0.0012841781997338059,4.906241083254892e-05,0.5138766388612769,45,adamw,step,-0.7202,RandomSearch,0
5,-0.3664,341.1527841091156,RandomSearch,0.01889257123808924,3.4253915105989445e-05,0.9886328685367134,486,adamw,step,-0.7202,RandomSearch,0
6,-0.3812,412.0925815105438,RandomSearch,0.03520009259982841,3.594890744699992e-05,0.5661972874609815,237,adamw,cosine,-0.7202,RandomSearch,0
7,-0.6662,482.6378743648529,RandomSearch,0.006267443381835693,0.0036136936901034014,0.9576813228185623,86,adamw,cosine,-0.7202,RandomSearch,0
8,-0.615,558.9437837600708,RandomSearch,0.015786940977753662,2.24721643300302e-05,0.691893310258799,378,sgd,step,-0.7202,RandomSearch,0
9,-0.6838,633.2816472053528,RandomSearch,0.00020453622482872986,0.0021408024377044,0.8856781706694549,62,rmsprop,cosine,-0.7202,RandomSearch,0
10,-0.4572,709.0024180412292,RandomSearch,0.0017510031400721276,3.991332124700084e-06,0.7206662896581506,292,sgd,cosine,-0.7202,RandomSearch,0
11,-0.6798,785.9361796379089,RandomSearch,0.0031363543259874194,6.223750555365431e-06,0.5444689923533698,160,adam,none,-0.7202,RandomSearch,0
12,-0.739,862.7664589881897,RandomSearch,0.0005470180318866714,0.0058674911338673025,0.678903982439966,43,adamw,none,-0.739,RandomSearch,0
13,-0.6798,932.8659956455231,RandomSearch,0.004255414664767743,0.006582062089886358,0.7449489487069471,104,adamw,none,-0.739,RandomSearch,0
14,-0.1,956.8185691833496,RandomSearch,0.3236787508578351,6.921186583374593e-05,0.8712871342010629,127,adamw,none,-0.739,RandomSearch,0
15,-0.588,1147.4186115264893,RandomSearch,0.003418216363600826,0.0008668307061856431,0.8484600102149774,425,sgd,none,-0.739,RandomSearch,0
16,-0.1,1211.5937683582306,RandomSearch,0.2694717813494228,0.007442258653061453,0.5072060894330309,351,rmsprop,none,-0.739,RandomSearch,0
17,-0.7664,1492.6897296905518,RandomSearch,0.0003550370030909668,0.007771686176112387,0.9360684223030551,313,adam,cosine,-0.7664,RandomSearch,0
18,-0.1562,1762.9269399642944,RandomSearch,0.09249797130078236,0.00494448016607427,0.6304038334232234,143,adam,none,-0.7664,RandomSearch,0
19,-0.7906,1981.418313741684,RandomSearch,0.0001412042945845916,0.0008472757617947993,0.8010428910050084,35,adamw,cosine,-0.7906,RandomSearch,0
20,-0.1,2003.9397184848785,RandomSearch,0.06362649831211264,0.00011246953330982432,0.955261068190533,38,rmsprop,cosine,-0.7906,RandomSearch,0
21,-0.7092,2074.0121128559113,RandomSearch,0.00187755333970088,5.262534158297087e-05,0.9733704195841943,152,adam,cosine,-0.7906,RandomSearch,0
22,-0.3328,2143.0693407058716,RandomSearch,0.19280710263602166,8.007145378467724e-06,0.5610318058592889,71,adamw,step,-0.7906,RandomSearch,0
23,-0.1,2165.119907617569,RandomSearch,0.09887713458981569,0.00017454355132282473,0.6413263950712931,101,rmsprop,step,-0.7906,RandomSearch,0
24,-0.1,2189.1853857040405,RandomSearch,0.3528575644727869,3.0034308985545965e-05,0.7707796401554308,166,rmsprop,cosine,-0.7906,RandomSearch,0
25,-0.4416,2265.640937566757,RandomSearch,0.003189110313785277,0.004363508704477387,0.5211027753984201,314,adam,none,-0.7906,RandomSearch,0
26,-0.5948,2340.922751188278,RandomSearch,0.00010884829279245696,2.8852578482466113e-05,0.5385287182111635,196,adam,none,-0.7906,RandomSearch,0
27,-0.1,2354.118835926056,RandomSearch,0.30980838535337696,3.2156473061397355e-06,0.9237413647463792,38,adam,step,-0.7906,RandomSearch,0
28,-0.3526,2422.7722628116608,RandomSearch,0.006430426970504868,0.0080509900098518,0.8800886821698959,75,adam,none,-0.7906,RandomSearch,0
29,-0.1086,2507.9659407138824,RandomSearch,0.1819402539519901,0.0001103636415969082,0.6687049081715394,506,adam,cosine,-0.7906,RandomSearch,0
30,-0.1,2533.5119466781616,RandomSearch,0.1800762970452387,0.0017755855108959745,0.827265808729962,457,rmsprop,none,-0.7906,RandomSearch,0
31,-0.4586,2607.5712718963623,RandomSearch,0.152654178555853,9.740628080156152e-06,0.5692108128815054,205,adamw,cosine,-0.7906,RandomSearch,0
32,-0.5692,2683.5948493480682,RandomSearch,0.0029050558637048578,0.004375453420547461,0.7750863760996092,159,sgd,step,-0.7906,RandomSearch,0
33,-0.726,2758.1631293296814,RandomSearch,0.008633151372965442,2.2685197309224004e-06,0.981151919632086,156,sgd,none,-0.7906,RandomSearch,0
34,-0.4018,2829.807727098465,RandomSearch,0.41550430876801303,0.00022881269338845527,0.6566440017785058,54,adamw,cosine,-0.7906,RandomSearch,0
35,-0.5624,2905.9937636852264,RandomSearch,0.013704089499757394,0.00025642283978270834,0.9715873156309467,39,adam,none,-0.7906,RandomSearch,0
36,-0.2752,2978.3553714752197,RandomSearch,0.0004524352112341422,3.566702836352584e-05,0.530818794242936,240,sgd,step,-0.7906,RandomSearch,0
37,-0.1,3005.357831954956,RandomSearch,0.17026838259641855,7.748209359427366e-05,0.9471847474840339,268,rmsprop,cosine,-0.7906,RandomSearch,0
38,-0.7338,3078.1246466636658,RandomSearch,0.00018711430043687015,1.9111950603741767e-06,0.9257386042301865,186,adam,cosine,-0.7906,RandomSearch,0
39,-0.5802,3145.246129989624,RandomSearch,0.0310541593411897,1.8709817503186392e-05,0.8483311330003129,115,adamw,none,-0.7906,RandomSearch,0
40,-0.6734,3222.0242743492126,RandomSearch,0.00022032446894352994,0.0002065541919628481,0.5966451241749756,301,adam,none,-0.7906,RandomSearch,0
41,-0.5544,3299.688311100006,RandomSearch,0.0004750090352017836,0.007113389024440455,0.8924493479382184,122,rmsprop,step,-0.7906,RandomSearch,0
42,-0.537,3377.563725709915,RandomSearch,0.02650166530687809,0.004516094809881259,0.5319825040415328,325,adam,cosine,-0.7906,RandomSearch,0
43,-0.1,3400.7754333019257,RandomSearch,0.475198663165754,0.0013327908677734294,0.737912218001998,103,rmsprop,cosine,-0.7906,RandomSearch,0
44,-0.1,3425.1677606105804,RandomSearch,0.04172724697329618,0.0014342289840330751,0.8916062260608962,78,rmsprop,cosine,-0.7906,RandomSearch,0
45,-0.7486,3500.5630960464478,RandomSearch,0.0021885992253821377,4.675116620762672e-05,0.7652908919787806,44,adam,cosine,-0.7906,RandomSearch,0
46,-0.1036,3573.9174194335938,RandomSearch,0.056681584026977434,0.0025556633736269463,0.5680765227688968,226,rmsprop,none,-0.7906,RandomSearch,0
47,-0.349,3648.9503235816956,RandomSearch,0.13217702727242764,4.970796018182886e-05,0.9800474671697317,477,adamw,none,-0.7906,RandomSearch,0
48,-0.3698,3723.019382953644,RandomSearch,0.24002590815738556,8.027647386064188e-05,0.9232552581375716,224,adam,none,-0.7906,RandomSearch,0
49,-0.663,3789.1859691143036,RandomSearch,0.012910584509799245,2.373452877881346e-06,0.6917764088892855,39,adam,step,-0.7906,RandomSearch,0
50,-0.6098,3865.67111825943,RandomSearch,0.0036931087063531687,0.0002214121322789564,0.5601184234862759,427,adamw,none,-0.7906,RandomSearch,0
51,-0.2898,3939.096466064453,RandomSearch,0.20760645754094925,0.00021541710629112984,0.5197069282432544,230,adamw,none,-0.7906,RandomSearch,0
52,-0.6876,4008.4589042663574,RandomSearch,0.009299200869184248,0.0017905084769016442,0.9885350436055209,85,sgd,step,-0.7906,RandomSearch,0
53,-0.5008,4083.857465982437,RandomSearch,0.06102521585843506,5.7136775499760596e-05,0.7883062536203153,46,adamw,cosine,-0.7906,RandomSearch,0
54,-0.6814,4159.150562286377,RandomSearch,0.0005070941941563889,0.0028300883548573862,0.7765622823490911,123,rmsprop,cosine,-0.7906,RandomSearch,0
55,-0.496,4232.626450538635,RandomSearch,0.037588451100155164,2.0508276260835504e-05,0.5859507774926898,208,adam,cosine,-0.7906,RandomSearch,0
56,-0.58,4299.156636238098,RandomSearch,0.30948225123553563,6.268929166569864e-06,0.7509650923404902,34,sgd,none,-0.7906,RandomSearch,0
57,-0.6896,4372.77147769928,RandomSearch,0.08306211914702928,0.0001687881527542155,0.6090021640357666,150,sgd,none,-0.7906,RandomSearch,0
58,-0.6794,4436.661177635193,RandomSearch,0.04479600330262316,0.0003838663951185586,0.7995559552948486,39,sgd,step,-0.7906,RandomSearch,0
59,-0.7164,4515.141909360886,RandomSearch,0.002871342661764525,0.009291651540287287,0.9526352251138388,49,adamw,none,-0.7906,RandomSearch,0
60,-0.7328,4595.978797912598,RandomSearch,0.0003199410706460886,1.7798466619224123e-05,0.8507997449934922,390,adam,cosine,-0.7906,RandomSearch,0
1,-0.4192,83.46413683891296,Bayes,0.01559245358901932,0.0023826650493636676,0.9203933526351509,335,adamw,step,-0.4192,Bayes,0
2,-0.5756,157.91113114356995,Bayes,0.0012605834030249138,1.6859780231705853e-06,0.6336015843442555,120,rmsprop,step,-0.5756,Bayes,0
3,-0.4746,238.9249439239502,Bayes,0.0028372602846204586,0.0022096070868729595,0.6653241186044615,193,adam,none,-0.5756,Bayes,0
4,-0.7124,326.8260781764984,Bayes,0.0003304861979593933,0.0030223797682839186,0.7320679421841182,295,adamw,none,-0.7124,Bayes,0
5,-0.6896,416.0328457355499,Bayes,0.04630187455167124,0.00021285270235317323,0.7633128824300153,262,sgd,step,-0.7124,Bayes,0
6,-0.657,478.3152754306793,Bayes,0.12375409057656457,5.96760205457231e-06,0.6511799941394205,122,sgd,cosine,-0.7124,Bayes,0
7,-0.281,564.9001924991608,Bayes,0.49999999999999994,0.01,0.7322458317871132,41,sgd,cosine,-0.7124,Bayes,0
8,-0.452,652.417786359787,Bayes,0.0012446382078218172,2.8698439011190026e-06,0.6575946664454767,298,sgd,none,-0.7124,Bayes,0
9,-0.676,741.5473027229309,Bayes,0.000420855017663512,0.006847183723742797,0.7428258405137805,288,adamw,none,-0.7124,Bayes,0
10,-0.6786,809.309068441391,Bayes,0.0002708119803516223,0.0015412110172259594,0.7232179054770649,301,adamw,none,-0.7124,Bayes,0
11,-0.1,842.7284028530121,Bayes,0.49999999999999994,1.4164894114768314e-06,0.5,188,adam,cosine,-0.7124,Bayes,0
12,-0.7344,923.9844346046448,Bayes,0.0007515931785685688,2.3862327254630493e-06,0.5256812183314433,90,adamw,none,-0.7344,Bayes,0
13,-0.4612,1012.032027721405,Bayes,0.07348634246545757,3.7002962288326476e-06,0.99,32,adamw,none,-0.7344,Bayes,0
14,-0.5946,1074.610404253006,Bayes,0.0020188965074427762,8.45340242739122e-06,0.5,62,sgd,cosine,-0.7344,Bayes,0
15,-0.7972,1169.4033875465393,Bayes,0.0005255192679651982,0.005231634434799045,0.5,124,adamw,cosine,-0.7972,Bayes,0
16,-0.7172,1255.5434029102325,Bayes,0.0001,0.01,0.5,91,adamw,cosine,-0.7972,Bayes,0
17,-0.3112,1319.1872019767761,Bayes,0.13869774256987025,1.418481142951168e-05,0.5,196,adamw,step,-0.7972,Bayes,0
18,-0.1,1367.8701949119568,Bayes,0.49999999999999994,1e-06,0.5,512,rmsprop,cosine,-0.7972,Bayes,0
19,-0.7594,1456.3720786571503,Bayes,0.01689140919626413,0.000640871944086159,0.5,77,sgd,cosine,-0.7972,Bayes,0
20,-0.644,1556.5165421962738,Bayes,0.00032397821617961327,1.3627534679127595e-06,0.5,347,rmsprop,none,-0.7972,Bayes,0
21,-0.8104,1635.6040349006653,Bayes,0.00039403863304344897,1.962390863083933e-06,0.5,32,adamw,cosine,-0.8104,Bayes,0
22,-0.5562,1703.9955847263336,Bayes,0.03646122634210667,1e-06,0.99,32,sgd,cosine,-0.8104,Bayes,0
23,-0.744,1760.6608493328094,Bayes,0.036939641047903475,1e-06,0.5,115,sgd,none,-0.8104,Bayes,0
24,-0.3334,1828.707543849945,Bayes,0.0001,1e-06,0.5,32,sgd,cosine,-0.8104,Bayes,0
25,-0.6668,1904.6290848255157,Bayes,0.0002980508697703445,0.01,0.5,512,adamw,step,-0.8104,Bayes,0
26,-0.8068,1974.9981365203857,Bayes,0.000535337797720654,0.006505967444170309,0.5,32,adamw,cosine,-0.8104,Bayes,0
27,-0.6636,2051.2198436260223,Bayes,0.03957080365138254,1e-06,0.5,512,sgd,cosine,-0.8104,Bayes,0
28,-0.7468,2118.8510222434998,Bayes,0.011035051343849144,0.0028933586854289935,0.5,32,sgd,step,-0.8104,Bayes,0
29,-0.8112,2188.998530626297,Bayes,0.00027096489537877433,0.01,0.99,32,adamw,cosine,-0.8112,Bayes,0
30,-0.8056,2258.863320350647,Bayes,0.00039222137408571715,1e-06,0.99,32,adamw,cosine,-0.8112,Bayes,0
31,-0.8098,2328.8909950256348,Bayes,0.00023319218395235263,1e-06,0.99,32,adamw,cosine,-0.8112,Bayes,0
32,-0.8148,2398.7555508613586,Bayes,0.0003185055953900681,0.004964126574181318,0.7739504582855059,32,adamw,cosine,-0.8148,Bayes,0
33,-0.58,2474.769549369812,Bayes,0.014227760000583622,0.0027320482858905204,0.5,512,sgd,none,-0.8148,Bayes,0
34,-0.7828,2545.8348705768585,Bayes,0.0008978116001829661,3.463201081264873e-05,0.5,32,adamw,cosine,-0.8148,Bayes,0
35,-0.628,2622.479756116867,Bayes,0.0609821261029024,1.1609156600431153e-06,0.5,512,sgd,none,-0.8148,Bayes,0
36,-0.8022,2696.6877846717834,Bayes,0.00040104827113767583,0.01,0.5,56,adamw,cosine,-0.8148,Bayes,0
37,-0.809,2767.3859922885895,Bayes,0.0001364634208627276,0.01,0.5,32,adam,cosine,-0.8148,Bayes,0
38,-0.7682,2837.8504683971405,Bayes,0.00025552499791013357,7.043315278064806e-05,0.5,32,rmsprop,cosine,-0.8148,Bayes,0
39,-0.7594,2908.3732192516327,Bayes,0.0001,0.01,0.99,32,adam,step,-0.8148,Bayes,0
40,-0.7682,2978.30739068985,Bayes,0.0001,0.01,0.5,32,adamw,cosine,-0.8148,Bayes,0
41,-0.7202,3036.714215517044,Bayes,0.012447647782199764,0.01,0.5,75,sgd,step,-0.8148,Bayes,0
42,-0.8204,3108.305556535721,Bayes,0.0002944229437507925,0.005367221311730698,0.6922179641853021,32,adam,cosine,-0.8204,Bayes,0
43,-0.2978,3185.749307870865,Bayes,0.49999999999999994,0.00014853270721062282,0.6182176945473801,512,sgd,cosine,-0.8204,Bayes,0
44,-0.8102,3261.643337249756,Bayes,0.03387629276444244,0.01,0.5,32,sgd,cosine,-0.8204,Bayes,0
45,-0.8178,3338.0967037677765,Bayes,0.00021562166738090503,0.01,0.7810411310084717,32,adam,cosine,-0.8204,Bayes,0
46,-0.8128,3416.4953050613403,Bayes,0.0002865546773448342,0.01,0.5,32,adam,cosine,-0.8204,Bayes,0
47,-0.808,3494.156886577606,Bayes,0.000229476174337233,1e-06,0.64856191391004,32,adam,cosine,-0.8204,Bayes,0
48,-0.8102,3569.538020849228,Bayes,0.00027223836969797347,0.01,0.8679723635197742,32,adam,cosine,-0.8204,Bayes,0
49,-0.8014,3643.7792415618896,Bayes,0.0001901922531042727,1e-06,0.7831387619386143,32,adamw,cosine,-0.8204,Bayes,0
50,-0.7958,3716.67146897316,Bayes,0.00040270114736530414,0.01,0.6520984701947318,32,adam,cosine,-0.8204,Bayes,0
51,-0.7986,3787.1840267181396,Bayes,0.028546901245808224,1e-06,0.5,32,sgd,cosine,-0.8204,Bayes,0
52,-0.759,3860.3542058467865,Bayes,0.00027041531397775084,0.01,0.99,32,adamw,none,-0.8204,Bayes,0
53,-0.814,3934.0416388511658,Bayes,0.0001871393933530089,0.01,0.99,32,adam,cosine,-0.8204,Bayes,0
54,-0.7894,4008.8176670074463,Bayes,0.0001,0.01,0.99,32,adam,cosine,-0.8204,Bayes,0
55,-0.806,4081.002270460129,Bayes,0.00031490409620062377,0.01,0.5,32,adam,cosine,-0.8204,Bayes,0
56,-0.7916,4162.469947338104,Bayes,0.0002275507796435273,1e-06,0.99,61,adam,cosine,-0.8204,Bayes,0
57,-0.809,4229.555594444275,Bayes,0.03044921280422612,0.01,0.5,32,sgd,cosine,-0.8204,Bayes,0
58,-0.807,4300.035588502884,Bayes,0.00031723713988463924,0.01,0.5,32,adam,cosine,-0.8204,Bayes,0
59,-0.8052,4372.174382925034,Bayes,0.0003551179247986118,0.01,0.5,32,adam,cosine,-0.8204,Bayes,0
60,-0.8154,4445.4759747982025,Bayes,0.00029309214748247844,0.01,0.7478840229768778,32,adam,cosine,-0.8204,Bayes,0
1,-0.4946,75.04363179206848,Optuna-TPE,0.010716295704927558,0.0007257005721594283,0.7953540542751054,144,rmsprop,cosine,-0.4946,Optuna-TPE,0
2,-0.61,141.79480266571045,Optuna-TPE,0.009044122656322208,0.00018714500686240683,0.9535423527634039,38,adamw,step,-0.61,Optuna-TPE,0
3,-0.6276,201.67010831832886,Optuna-TPE,0.005093288991452604,0.0013246974647468455,0.5579544686757772,188,adam,step,-0.6276,Optuna-TPE,0
4,-0.4932,278.41400933265686,Optuna-TPE,0.012665435463447151,1.1889379831773014e-06,0.8026413935671797,174,adam,step,-0.6276,Optuna-TPE,0
5,-0.7186,346.5736815929413,Optuna-TPE,0.029265104573384305,0.0004814503186400563,0.603087454926182,45,adamw,cosine,-0.7186,Optuna-TPE,0
6,-0.6004,427.8218026161194,Optuna-TPE,0.00039507456270501895,0.0004096691887503099,0.6241128852444933,116,rmsprop,none,-0.7186,Optuna-TPE,0
7,-0.5486,499.016720533371,Optuna-TPE,0.10885022496978591,2.4457108102318877e-06,0.910593004674414,41,adamw,cosine,-0.7186,Optuna-TPE,0
8,-0.7584,572.3955228328705,Optuna-TPE,0.0002783578507372617,1.529539827781373e-05,0.5581765822875796,76,adamw,step,-0.7584,Optuna-TPE,0
9,-0.3324,651.843138217926,Optuna-TPE,0.013502332895338663,0.00521416524244723,0.6560987867011486,203,adam,none,-0.7584,Optuna-TPE,0
10,-0.256,736.2499735355377,Optuna-TPE,0.0001040802736934432,0.0005143587677210171,0.6323039068641607,245,sgd,none,-0.7584,Optuna-TPE,0
11,-0.4904,796.636944770813,Optuna-TPE,0.0014654728519207095,1.7393113271401567e-05,0.5101767290357976,77,sgd,step,-0.7584,Optuna-TPE,0
12,-0.2044,885.0858385562897,Optuna-TPE,0.09957335543689444,2.682173951836298e-05,0.6940747088086857,504,adamw,cosine,-0.7584,Optuna-TPE,0
13,-0.1,909.2999835014343,Optuna-TPE,0.49666756844362814,4.0947993409892487e-05,0.5619985305605958,68,adamw,cosine,-0.7584,Optuna-TPE,0
14,-0.6628,983.2165079116821,Optuna-TPE,0.0018167550015772535,5.630964346195045e-06,0.5028391968903086,57,adamw,step,-0.7584,Optuna-TPE,0
15,-0.576,1056.1034998893738,Optuna-TPE,0.05167627014100635,0.00010535036278748687,0.7615184766264771,97,adamw,cosine,-0.7584,Optuna-TPE,0
16,-0.7406,1134.2513508796692,Optuna-TPE,0.00011617273828879509,0.00330931778251161,0.5771985570915018,50,adamw,step,-0.7584,Optuna-TPE,0
17,-0.7504,1217.7191395759583,Optuna-TPE,0.00012680441989688278,0.008967381549523668,0.7207844223332303,33,adamw,step,-0.7584,Optuna-TPE,0
18,-0.5466,1290.2159066200256,Optuna-TPE,0.0003606385973659195,0.008701529828084711,0.7074013141268021,34,rmsprop,step,-0.7584,Optuna-TPE,0
19,-0.462,1363.833331823349,Optuna-TPE,0.00036073287058657814,7.1776180394368085e-06,0.8657155359707465,89,sgd,step,-0.7584,Optuna-TPE,0
20,-0.602,1444.642473936081,Optuna-TPE,0.0015052255222759098,6.188724506454678e-05,0.8571490077360404,360,adamw,step,-0.7584,Optuna-TPE,0
21,-0.7606,1519.8930146694183,Optuna-TPE,0.00021192170429105148,1.1551993781748808e-05,0.6982382710823397,60,adamw,step,-0.7606,Optuna-TPE,0
22,-0.7528,1583.9565863609314,Optuna-TPE,0.00022470866000887484,1.5873576397983334e-05,0.7010096743776073,62,adamw,step,-0.7606,Optuna-TPE,0
23,-0.7382,1647.1106762886047,Optuna-TPE,0.0007175036058784572,1.0498454032287856e-05,0.6678885818932023,62,adamw,step,-0.7606,Optuna-TPE,0
24,-0.7504,1719.285673379898,Optuna-TPE,0.0002697183287112708,3.6264707070590514e-06,0.7563864410444018,108,adamw,step,-0.7606,Optuna-TPE,0
25,-0.7444,1778.4337134361267,Optuna-TPE,0.0007517720189347287,1.7071273634286917e-05,0.6772726899094685,78,adamw,step,-0.7606,Optuna-TPE,0
26,-0.6726,1843.2362349033356,Optuna-TPE,0.0034544918088089847,1.6310626042604353e-06,0.7934242272639702,61,adamw,none,-0.7606,Optuna-TPE,0
27,-0.3452,1919.8632278442383,Optuna-TPE,0.00021960967380138072,1.1244301030976879e-05,0.537128144495953,51,sgd,step,-0.7606,Optuna-TPE,0
28,-0.6266,1998.180973291397,Optuna-TPE,0.0007140533926868935,9.280446805096675e-05,0.6060593650794761,140,rmsprop,step,-0.7606,Optuna-TPE,0
29,-0.7448,2071.6504323482513,Optuna-TPE,0.00020684539486348874,3.367991976294965e-05,0.7266811294105842,81,adam,step,-0.7606,Optuna-TPE,0
30,-0.638,2148.3481879234314,Optuna-TPE,0.0006498913314449847,4.0812645342458146e-06,0.8001291338761598,126,rmsprop,none,-0.7606,Optuna-TPE,0
31,-0.67,2208.272795200348,Optuna-TPE,0.002556540848189454,2.03069162329628e-05,0.8327294839049094,71,adamw,step,-0.7606,Optuna-TPE,0
32,-0.7688,2277.332950592041,Optuna-TPE,0.00015226555717287975,0.0012067042466642104,0.7287830509359409,32,adamw,step,-0.7688,Optuna-TPE,0
33,-0.7572,2356.0192511081696,Optuna-TPE,0.00019772952413464704,0.00019279412175554717,0.7732520027878262,42,adamw,step,-0.7688,Optuna-TPE,0
34,-0.7592,2423.1240532398224,Optuna-TPE,0.00016395857711802052,0.001420536770784444,0.7644037728856902,41,adamw,step,-0.7688,Optuna-TPE,0
35,-0.7708,2493.5350375175476,Optuna-TPE,0.00014228613299348657,0.0018073070224082818,0.7435726372434923,32,adamw,step,-0.7708,Optuna-TPE,0
36,-0.7704,2565.1267828941345,Optuna-TPE,0.00013363809264056113,0.0014830206260687193,0.7327923795152503,32,adam,step,-0.7708,Optuna-TPE,0
37,-0.7478,2636.7475934028625,Optuna-TPE,0.00010442283686337512,0.0013597119837830335,0.7370173381125533,33,adam,step,-0.7708,Optuna-TPE,0
38,-0.7638,2717.068486213684,Optuna-TPE,0.0004928866254120871,0.001996706025675846,0.9849856982944054,37,adam,step,-0.7708,Optuna-TPE,0
39,-0.7666,2796.614113807678,Optuna-TPE,0.0005874342928426111,0.002450069228138014,0.9085225753914857,36,adam,step,-0.7708,Optuna-TPE,0
40,-0.7716,2860.2039313316345,Optuna-TPE,0.0010525318652155793,0.0008605133175397355,0.9149121295691393,49,adam,cosine,-0.7716,Optuna-TPE,0
41,-0.6522,2932.9914433956146,Optuna-TPE,0.006271730408839076,0.000855430244852257,0.8271231392327079,48,adam,cosine,-0.7716,Optuna-TPE,0
42,-0.7432,3003.962055683136,Optuna-TPE,0.000998487908979035,0.002725911094740865,0.909672487318806,32,adam,cosine,-0.7716,Optuna-TPE,0
43,-0.8078,3070.6592128276825,Optuna-TPE,0.0004546650448623406,0.00027089839703378193,0.9271453839263637,38,adam,cosine,-0.8078,Optuna-TPE,0
44,-0.8112,3134.5310378074646,Optuna-TPE,0.0003758838084712689,0.00030528268195008655,0.9609037018864226,44,adam,cosine,-0.8112,Optuna-TPE,0
45,-0.8148,3200.1298384666443,Optuna-TPE,0.00039966700563021,0.00029279172360777324,0.9480187031145602,44,adam,cosine,-0.8148,Optuna-TPE,0
46,-0.7778,3265.231689453125,Optuna-TPE,0.0012008199267613696,0.00027936009948627564,0.9420109121230098,45,adam,cosine,-0.8148,Optuna-TPE,0
47,-0.785,3329.7556233406067,Optuna-TPE,0.0009732719968165134,0.000301045687055751,0.9404730749538858,45,adam,cosine,-0.8148,Optuna-TPE,0
48,-0.71,3396.068776369095,Optuna-TPE,0.003661191741376398,0.0002816930794327502,0.9458660995040884,42,adam,cosine,-0.8148,Optuna-TPE,0
49,-0.7836,3457.795171022415,Optuna-TPE,0.0011068602751847668,0.00044974992935707165,0.9858385034421111,54,adam,cosine,-0.8148,Optuna-TPE,0
50,-0.7532,3526.9157299995422,Optuna-TPE,0.0021353398647302744,0.0001135274022029364,0.9875455044087816,38,adam,cosine,-0.8148,Optuna-TPE,0
51,-0.8046,3590.6046600341797,Optuna-TPE,0.0004046925389223609,0.0004905451526938599,0.9698697282098651,54,adam,cosine,-0.8148,Optuna-TPE,0
52,-0.8082,3666.8370015621185,Optuna-TPE,0.00041917374273503006,0.0004075034488488581,0.9652909167795531,53,adam,cosine,-0.8148,Optuna-TPE,0
53,-0.8104,3730.5858755111694,Optuna-TPE,0.00041910284336650687,0.0006249247298121588,0.9617345329458181,46,adam,cosine,-0.8148,Optuna-TPE,0
54,-0.801,3791.141419649124,Optuna-TPE,0.000405842112143146,0.0005799838902349286,0.9669331595966066,68,adam,cosine,-0.8148,Optuna-TPE,0
55,-0.8068,3852.8698942661285,Optuna-TPE,0.00033445644096603166,0.00015266246985379248,0.8789756509542437,54,adam,cosine,-0.8148,Optuna-TPE,0
56,-0.8084,3934.017602920532,Optuna-TPE,0.0003046111860725417,0.00018217717435818574,0.8781457300360404,40,adam,cosine,-0.8148,Optuna-TPE,0
57,-0.8052,4002.912519931793,Optuna-TPE,0.00028224364829804817,0.00021907159917855393,0.9240129797090187,39,adam,cosine,-0.8148,Optuna-TPE,0
58,-0.7944,4080.980495452881,Optuna-TPE,0.0004726925771761046,0.0007043883315099369,0.8926564142420885,168,adam,cosine,-0.8148,Optuna-TPE,0
59,-0.8156,4159.55655503273,Optuna-TPE,0.0005248651859561607,6.727168624489157e-05,0.9282196344497212,47,adam,cosine,-0.8156,Optuna-TPE,0
60,-0.728,4222.6639404296875,Optuna-TPE,0.018193752050944652,7.091850801021842e-05,0.9660808560317874,45,sgd,cosine,-0.8156,Optuna-TPE,0
1,-0.5768,58.597813844680786,DE,0.005720147415714472,0.00023447466674064013,0.7422948074806481,76,rmsprop,cosine,-0.5768,DE,0
2,-0.697,123.14109897613525,DE,0.02134289930272435,6.816337161754513e-05,0.9237926248367876,428,sgd,step,-0.697,DE,0
3,-0.1036,185.0481162071228,DE,0.12506351021949932,0.003336009295307316,0.564667214602232,51,adam,none,-0.697,DE,0
4,-0.6972,251.68617272377014,DE,0.00016361430640545832,1.1360778735520746e-06,0.7492453594692051,160,adamw,step,-0.6972,DE,0
5,-0.7724,329.51260209083557,DE,0.000559645086782933,0.002649774035256506,0.9403988930396736,200,adamw,cosine,-0.7724,DE,0
6,-0.2688,396.2500457763672,DE,0.251470892116803,8.025199765005533e-06,0.6338107710704207,41,adam,step,-0.7724,DE,0
7,-0.6836,477.4072060585022,DE,0.018088934101036323,0.0005191200061156819,0.8546490756701678,318,sgd,none,-0.7724,DE,0
8,-0.617,535.2697796821594,DE,0.0009827911129937639,1.7274608192305187e-05,0.5511412812117487,104,rmsprop,step,-0.7724,DE,0
9,-0.7416,604.175451040268,DE,0.0016282419517398192,0.008214639957642267,0.8130902312137187,32,sgd,cosine,-0.7724,DE,0
10,-0.457,687.1444187164307,DE,0.010292849892714733,2.414373300835208e-06,0.5008082873374223,254,rmsprop,none,-0.7724,DE,0
11,-0.1,698.947306394577,DE,0.4397544467716429,0.0001559903541753946,0.9838832342531532,122,adamw,none,-0.7724,DE,0
12,-0.7584,767.0094501972198,DE,0.00033895391306115974,5.361754271726244e-05,0.6822182389814406,268,adam,cosine,-0.7724,DE,0
13,-0.6562,845.3938553333282,DE,0.00023553627348641968,0.0007028386633439271,0.6130711777601391,474,adam,step,-0.7724,DE,0
14,-0.5084,917.3345999717712,DE,0.06181860457877583,2.111361554086667e-05,0.792703298209235,70,adamw,none,-0.7724,DE,0
15,-0.466,992.8048400878906,DE,0.043030074746920374,0.001032241467477384,0.6919882160797715,133,rmsprop,step,-0.7724,DE,0
16,-0.7704,1054.1501564979553,DE,0.00399317609183259,3.408990965703138e-06,0.8822372851334512,62,sgd,cosine,-0.7724,DE,0
17,-0.6848,1120.6318864822388,DE,0.00011874278159492905,8.742448774108047e-05,0.5560270890015135,200,adamw,cosine,-0.7724,DE,0
18,-0.1,1133.768295764923,DE,0.34842510906277774,0.0002349840118454918,0.839181223403753,428,adam,step,-0.7724,DE,0
19,-0.7832,1199.5058484077454,DE,0.00015992565275522446,4.570416268672672e-06,0.564667214602232,51,adam,cosine,-0.7832,DE,0
20,-0.6288,1269.9495723247528,DE,0.0007858583806916454,1.4665240448762834e-05,0.7492453594692051,95,rmsprop,step,-0.7832,DE,0
21,-0.5898,1335.0359029769897,DE,0.0016849475645202767,0.00023447466674064013,0.6681027968873124,295,rmsprop,cosine,-0.7832,DE,0
22,-0.466,1412.0646963119507,DE,0.251470892116803,3.7732991535255225e-05,0.6338107710704207,182,adam,step,-0.7832,DE,0
23,-0.5702,1478.8881213665009,DE,0.0008978484132249626,0.0005191200061156819,0.6129211419701811,318,rmsprop,step,-0.7832,DE,0
24,-0.7024,1547.1004004478455,DE,0.05528801016735575,8.031438378431107e-06,0.6027960262897346,33,sgd,step,-0.7832,DE,0
25,-0.4346,1616.8449890613556,DE,0.01255210120353592,8.806265001391757e-05,0.6219308062434016,32,rmsprop,none,-0.7832,DE,0
26,-0.6188,1686.7969574928284,DE,0.010292849892714733,1.311642083638455e-05,0.5008082873374223,119,adamw,none,-0.7832,DE,0
27,-0.1,1711.3371517658234,DE,0.392022553182443,5.961249206705e-06,0.7654001753188633,73,adam,cosine,-0.7832,DE,0
28,-0.5324,1773.8361675739288,DE,0.011450217694895001,5.361754271726244e-05,0.6822182389814406,122,rmsprop,step,-0.7832,DE,0
29,-0.7934,1831.9614987373352,DE,0.00023553627348641968,1.7055433619997847e-05,0.7104386267257776,77,adamw,cosine,-0.7934,DE,0
30,-0.5814,1909.3376467227936,DE,0.008905154404243259,2.111361554086667e-05,0.7415570659222207,198,adamw,none,-0.7934,DE,0
31,-0.1,1935.7036862373352,DE,0.02886244602973622,1.0558011611969728e-05,0.6919882160797715,158,rmsprop,cosine,-0.7934,DE,0
32,-0.494,1992.3194162845612,DE,0.37646482400318354,3.408990965703138e-06,0.6133703349678853,89,sgd,cosine,-0.7934,DE,0
33,-0.4586,2051.4871711730957,DE,0.12419627747026253,1.7055433619997847e-05,0.7104386267257776,77,adamw,step,-0.7934,DE,0
34,-0.7792,2118.36128115654,DE,0.0006819660039226792,3.134816082272182e-06,0.6121616715176426,45,adam,none,-0.7934,DE,0
35,-0.6272,2181.705497980118,DE,0.005816317502192649,1.0957872077963293e-05,0.9403988930396736,47,adamw,step,-0.7934,DE,0
36,-0.7498,2251.850886106491,DE,0.00016361430640545832,1.1360778735520746e-06,0.7681713039724359,105,adamw,cosine,-0.7934,DE,0
37,-0.7248,2329.035537481308,DE,0.000355156866598069,0.00023447466674064013,0.6681027968873124,172,rmsprop,cosine,-0.7934,DE,0
38,-0.6026,2399.8280906677246,DE,0.005019946653319412,0.00018995408261556184,0.6995999555374175,106,adamw,step,-0.7934,DE,0
39,-0.7896,2475.2790513038635,DE,0.0003916095722306699,0.0003304961002583421,0.8455285041699739,135,adamw,cosine,-0.7934,DE,0
40,-0.737,2531.3891410827637,DE,0.0006681529834700752,8.031438378431107e-06,0.6027960262897346,116,adam,step,-0.7934,DE,0
41,-0.712,2606.3439722061157,DE,0.00010165136143114672,0.008214639957642267,0.5981302112000235,72,adam,step,-0.7934,DE,0
42,-0.4486,2664.2647264003754,DE,0.22701282320228328,0.0002915479079347922,0.8272480150894647,77,adamw,none,-0.7934,DE,0
43,-0.7112,2740.8537061214447,DE,0.0009518563857456283,0.0004891189662482576,0.5986770435866604,121,adam,step,-0.7934,DE,0
44,-0.7152,2808.4640350341797,DE,0.00033895391306115974,3.315302535320825e-05,0.6356513089020218,268,adam,step,-0.7934,DE,0
45,-0.767,2871.0365555286407,DE,0.00043983095777532937,6.305298640499491e-06,0.6527059494791194,56,adam,step,-0.7934,DE,0
46,-0.1,2897.95081949234,DE,0.35267945577735493,2.111361554086667e-05,0.7168057908709735,63,adam,none,-0.7934,DE,0
47,-0.754,2962.923812389374,DE,0.0001681964863645258,6.199254040693848e-05,0.6857909735000726,53,adamw,step,-0.7934,DE,0
48,-0.757,3030.5037405490875,DE,0.00019363778423737746,3.408990965703138e-06,0.8822372851334512,43,adam,step,-0.7934,DE,0
49,-0.734,3105.204811811447,DE,0.00023553627348641968,7.902769846163881e-06,0.792521085561767,69,rmsprop,cosine,-0.7934,DE,0
50,-0.7066,3164.249499797821,DE,0.0024082698251975425,3.134816082272182e-06,0.6121616715176426,77,adam,none,-0.7934,DE,0
51,-0.781,3228.8263504505157,DE,0.0004164567290916731,1.515644167917553e-05,0.9403988930396736,200,adam,cosine,-0.7934,DE,0
52,-0.7642,3308.7742092609406,DE,0.0004164567290916731,1.1360778735520746e-06,0.7681713039724359,286,adam,cosine,-0.7934,DE,0
53,-0.6416,3373.395204305649,DE,0.00046136043974045625,0.0002877475014965542,0.6413772514028174,51,rmsprop,none,-0.7934,DE,0
54,-0.6872,3440.6266946792603,DE,0.0037819595805345277,0.00018995408261556184,0.5628945794877782,40,adamw,none,-0.7934,DE,0
55,-0.3314,3501.1268446445465,DE,0.00012309524800585277,0.0003304961002583421,0.6263125669343763,54,sgd,cosine,-0.7934,DE,0
56,-0.7294,3577.1516830921173,DE,0.0001332127259628394,1.9192355443548697e-05,0.7133443973618906,55,adam,none,-0.7934,DE,0
57,-0.4184,3652.3151638507843,DE,0.0016282419517398192,0.008214639957642267,0.663134722245427,236,sgd,step,-0.7934,DE,0
58,-0.7576,3716.1445219516754,DE,0.0005592048123037993,1.311642083638455e-05,0.5008082873374223,50,adam,none,-0.7934,DE,0
59,-0.7182,3786.76780462265,DE,0.0009518563857456283,4.977430959381122e-05,0.5986770435866604,107,adamw,step,-0.7934,DE,0
60,-0.777,3855.362312078476,DE,0.0011349314600753672,5.361754271726244e-05,0.7939270629684902,38,adam,cosine,-0.7934,DE,0
1,-0.5036,63.268742084503174,PSO,0.0003872787978167967,2.7637615125314266e-06,0.821601498837984,47,sgd,step,-0.5036,PSO,0
2,-0.1,75.14264345169067,PSO,0.10885022496978591,2.4457108102318877e-06,0.910593004674414,42,rmsprop,step,-0.5036,PSO,0
3,-0.285,141.49807143211365,PSO,0.4102135168634855,0.0002626528266326433,0.8622391539051678,36,adam,cosine,-0.5036,PSO,0
4,-0.5782,198.45343399047852,PSO,0.001245700697762006,2.984770033451217e-06,0.6558117579030482,101,sgd,none,-0.5782,PSO,0
5,-0.6736,265.51285219192505,PSO,0.01246929166586855,1.1522798403028724e-05,0.7563915461986828,42,adamw,none,-0.6736,PSO,0
6,-0.777,326.3753082752228,PSO,0.000989034338526448,2.4766170878214786e-05,0.8716061951784788,60,adam,cosine,-0.777,PSO,0
7,-0.6962,392.97413659095764,PSO,0.010584573574250602,9.277032682327618e-06,0.7408806318342862,42,adamw,none,-0.777,PSO,0
8,-0.6158,467.84630823135376,PSO,0.013472110836989565,7.306786944227742e-06,0.8317307993089689,58,adam,step,-0.777,PSO,0
9,-0.5702,529.9670097827911,PSO,0.01735041429327049,6.804978705775358e-06,0.9579830745312927,143,adam,none,-0.777,PSO,0
10,-0.65,592.1376051902771,PSO,0.018730774471842734,1.4049410156030032e-05,0.7069431447542636,56,adamw,cosine,-0.777,PSO,0
11,-0.69,655.0796461105347,PSO,0.0015805389200125987,7.413751335880318e-05,0.8966085433487263,68,adam,step,-0.777,PSO,0
12,-0.512,729.1956927776337,PSO,0.001057857431759011,3.178360958374717e-05,0.526386574555709,66,sgd,cosine,-0.777,PSO,0
13,-0.7448,787.2294518947601,PSO,0.0008361062357981314,5.254173102658627e-06,0.8275800821610846,78,adam,none,-0.777,PSO,0
14,-0.728,846.8731806278229,PSO,0.000878527691369232,2.4751877169971326e-05,0.9348430446356519,90,adam,none,-0.777,PSO,0
15,-0.6166,910.1746904850006,PSO,0.009054302489369496,2.1820248332588913e-05,0.5800292294441489,56,adam,step,-0.777,PSO,0
16,-0.769,983.5925748348236,PSO,0.0005473569619278402,2.501024678861201e-05,0.8770240267981655,59,adam,none,-0.777,PSO,0
17,-0.6688,1043.5904381275177,PSO,0.0021448168577177765,3.1095044431175874e-05,0.5472075176816706,53,sgd,none,-0.777,PSO,0
18,-0.751,1101.7096264362335,PSO,0.00024338031095791362,4.594761671109197e-06,0.8484357367430094,85,adam,step,-0.777,PSO,0
19,-0.752,1176.9538404941559,PSO,0.00021595777773764414,4.723232488358192e-05,0.8883108358127565,65,adam,step,-0.777,PSO,0
20,-0.7316,1238.0503158569336,PSO,0.0015889454521386375,1.3377654636996552e-05,0.8788959298684063,47,sgd,cosine,-0.777,PSO,0
21,-0.735,1298.8459963798523,PSO,0.0008457022779852491,1.4196296816611124e-05,0.8640623920559484,56,adam,step,-0.777,PSO,0
22,-0.6042,1360.8142280578613,PSO,0.0031033470914705,2.4570920303347147e-05,0.8093349862699997,49,rmsprop,none,-0.777,PSO,0
23,-0.7986,1418.9803981781006,PSO,0.0003454018726122503,4.809495905560563e-06,0.8866610199844263,85,adam,cosine,-0.7986,PSO,0
24,-0.8118,1479.881796836853,PSO,0.00040010405610090314,2.5765903430524257e-05,0.8488687029945783,55,adam,cosine,-0.8118,PSO,0
25,-0.4228,1541.3768019676208,PSO,0.0004546105177130248,1.965745494919167e-05,0.5352938772253995,46,sgd,step,-0.8118,PSO,0
26,-0.7824,1602.4896261692047,PSO,0.0010237638805799716,3.323342203207152e-05,0.8578395743050333,56,adam,cosine,-0.8118,PSO,0
27,-0.6608,1667.596858739853,PSO,0.004749163622856871,1.2506409704015902e-05,0.6035383472177231,42,adamw,none,-0.8118,PSO,0
28,-0.7362,1741.6161165237427,PSO,0.0004206149179488958,5.316529645673013e-05,0.8564836823569515,64,adam,none,-0.8118,PSO,0
29,-0.7606,1804.251657485962,PSO,0.0005445967010872313,1.903042119780954e-05,0.8291476365854892,51,adam,none,-0.8118,PSO,0
30,-0.5914,1865.6080839633942,PSO,0.0010879201977862048,1.5626675263825134e-05,0.6004597700078074,46,sgd,cosine,-0.8118,PSO,0
31,-0.7398,1927.6636612415314,PSO,0.000741628783433497,3.481809603089231e-05,0.851371892793727,56,adam,step,-0.8118,PSO,0
32,-0.6596,1988.6286425590515,PSO,0.0014924151133712989,9.231222727698439e-06,0.6858945233016629,56,adam,none,-0.8118,PSO,0
33,-0.8064,2049.2726554870605,PSO,0.0004196575114138639,7.108762704628108e-06,0.8620951583487504,64,adam,cosine,-0.8118,PSO,0
34,-0.755,2111.45734167099,PSO,0.0003108526751344828,2.20023938270003e-05,0.8448141015752694,61,adam,none,-0.8118,PSO,0
35,-0.71,2172.5607759952545,PSO,0.00046860411494631697,2.255957715324954e-05,0.9890879631773366,64,adam,none,-0.8118,PSO,0
36,-0.749,2233.1671810150146,PSO,0.0005929273369323475,2.9832200333137237e-05,0.8468372177430273,55,adam,step,-0.8118,PSO,0
37,-0.7404,2295.5812799930573,PSO,0.0017191697323776082,1.3511276262676255e-05,0.7272106013688489,51,adam,cosine,-0.8118,PSO,0
38,-0.7734,2355.3332607746124,PSO,0.00041827351004083805,1.0250903845676326e-05,0.8647444782300567,59,adam,none,-0.8118,PSO,0
39,-0.8054,2414.6051111221313,PSO,0.00026690443227704217,2.9361093531889203e-05,0.8546829103775546,60,adam,cosine,-0.8118,PSO,0
40,-0.8088,2475.858696460724,PSO,0.0005390224937594628,1.344224034992316e-05,0.6744818416509826,64,adam,cosine,-0.8118,PSO,0
41,-0.7616,2538.647705078125,PSO,0.0003088040695322426,3.0423277337120273e-05,0.8550110445453459,56,adam,none,-0.8118,PSO,0
42,-0.724,2601.8417694568634,PSO,0.0012990749030658828,3.855909989953778e-05,0.5843298861484623,54,adam,none,-0.8118,PSO,0
43,-0.8068,2666.648291826248,PSO,0.0004064030557591796,1.0284590190025996e-05,0.8467260308798902,56,adam,cosine,-0.8118,PSO,0
44,-0.8068,2731.6693115234375,PSO,0.0003747513568284082,2.3862304551273848e-05,0.8477675814580642,53,adam,cosine,-0.8118,PSO,0
45,-0.804,2793.7148163318634,PSO,0.000504543654019181,2.7481400617007904e-05,0.8569203006899516,58,adam,cosine,-0.8118,PSO,0
46,-0.7604,2857.4477593898773,PSO,0.0003125802962495465,3.0210615619821427e-05,0.8580017068644549,56,adam,none,-0.8118,PSO,0
47,-0.7332,2919.233099937439,PSO,0.0010342421027853686,4.196328220220303e-05,0.6121561681566676,55,adam,step,-0.8118,PSO,0
48,-0.7642,2982.0328330993652,PSO,0.00039146947693464345,1.786881661680309e-05,0.8389392075927758,55,adam,none,-0.8118,PSO,0
49,-0.76,3045.0714585781097,PSO,0.0005025046796731913,2.440667952603528e-05,0.8457133017436828,54,adam,step,-0.8118,PSO,0
50,-0.76,3108.1909444332123,PSO,0.00039875869868168665,1.5043658836519433e-05,0.7332273922689461,61,adam,step,-0.8118,PSO,0
51,-0.6976,3170.9371259212494,PSO,0.0009215537942590118,3.379539636946934e-05,0.8521404104558209,56,adam,none,-0.8118,PSO,0
52,-0.7274,3235.426851272583,PSO,0.0011734793957032092,2.402554367923942e-05,0.6882312066690426,51,adam,step,-0.8118,PSO,0
53,-0.8046,3297.9480714797974,PSO,0.00039874973395398185,2.329082052988472e-05,0.8479492323549397,55,adam,cosine,-0.8118,PSO,0
54,-0.7538,3360.401243209839,PSO,0.0005478971733173824,2.7348750330320977e-05,0.8473721680622468,57,adam,step,-0.8118,PSO,0
55,-0.7658,3423.8855080604553,PSO,0.0003728275846767858,1.1803766705377826e-05,0.6845208812139946,61,adam,step,-0.8118,PSO,0
56,-0.7162,3486.1140642166138,PSO,0.0012231602197713312,2.7923582908541426e-05,0.8448892204189673,56,adam,step,-0.8118,PSO,0
57,-0.7366,3551.356676340103,PSO,0.0010187022708993574,7.75205126279114e-06,0.5853445343221304,51,adam,step,-0.8118,PSO,0
58,-0.7466,3614.1402399539948,PSO,0.0004075707837940162,2.0319404072554587e-05,0.85275887385637,57,adam,none,-0.8118,PSO,0
59,-0.7614,3677.4605832099915,PSO,0.00034322886195427743,2.658818126460223e-05,0.849823460858122,56,adam,none,-0.8118,PSO,0
60,-0.8016,3737.9131236076355,PSO,0.0005578664554227774,1.4989708570035767e-05,0.7585851133101728,60,adam,cosine,-0.8118,PSO,0
0,-0.53,70.22217988967896,HDGPSO,0.022703989398041757,1.1999049779393521e-05,0.5200770267287353,34,rmsprop,none,-0.53,HDGPSO,0
0,-0.4586,134.51523661613464,HDGPSO,0.017535878919144307,0.000827915939467036,0.7663762458180572,428,rmsprop,cosine,-0.53,HDGPSO,0
0,-0.1,145.67240571975708,HDGPSO,0.14842692860126866,1.362518165784107e-06,0.8575311687506726,52,rmsprop,step,-0.53,HDGPSO,0
0,-0.7202,209.66324305534363,HDGPSO,0.0012841781997338059,4.906241083254892e-05,0.5138766388612769,45,adamw,step,-0.7202,HDGPSO,0
0,-0.3664,286.39588141441345,HDGPSO,0.01889257123808924,3.4253915105989445e-05,0.9886328685367134,486,adamw,step,-0.7202,HDGPSO,0
1,-0.1,313.6542398929596,HDGPSO,0.022703989398041757,1.1999049779393521e-05,0.99,349,rmsprop,none,-0.7202,HDGPSO,0
1,-0.0952,381.9305136203766,HDGPSO,0.11810804506159567,0.000827915939467036,0.5,32,rmsprop,none,-0.7202,HDGPSO,0
1,-0.1,437.00064754486084,HDGPSO,0.14842692860126866,1.6583545003945191e-06,0.8575311687506726,32,adamw,none,-0.7202,HDGPSO,0
1,-0.1,447.79374718666077,HDGPSO,0.09122310362581557,6.276129718942759e-05,0.6614948859892246,72,rmsprop,step,-0.7202,HDGPSO,0
1,-0.4402,524.5350069999695,HDGPSO,0.01889257123808924,0.00026835186638487823,0.771336556112024,486,adamw,cosine,-0.7202,HDGPSO,0
1,-0.7808,598.4214768409729,HDGPSO,0.00041863934440168897,0.00019278888509763705,0.5868725531562843,184,adam,cosine,-0.7808,HDGPSO,0
1,-0.5122,668.1150679588318,HDGPSO,0.009076140771620753,3.314455595645614e-05,0.5954923499869799,32,rmsprop,none,-0.7808,HDGPSO,0
1,-0.6986,746.3183221817017,HDGPSO,0.0002701007774366661,1.0000000000000004e-06,0.5,299,adam,none,-0.7808,HDGPSO,0
1,-0.4842,822.7200496196747,HDGPSO,0.011469971637139002,0.010000000000000004,0.5,512,adamw,cosine,-0.7808,HDGPSO,0
1,-0.4998,893.9578268527985,HDGPSO,0.01743460379650215,1.0000000000000004e-06,0.5,83,rmsprop,step,-0.7808,HDGPSO,0
1,-0.7808,955.3353407382965,HDGPSO,0.00041863934440168897,0.00019278888509763705,0.5868725531562843,184,adam,cosine,-0.7808,HDGPSO,0
1,-0.6856,1033.6831965446472,HDGPSO,0.005094897955401898,0.00013151212017282267,0.5942210848798225,169,adam,cosine,-0.7808,HDGPSO,0
1,-0.7878,1107.294097185135,HDGPSO,0.0004515318692896601,3.6367750277046986e-06,0.6622377785318229,154,adam,cosine,-0.7878,HDGPSO,0
1,-0.751,1176.9771959781647,HDGPSO,0.00010000000000000009,0.0016611231376789683,0.6431497158079742,32,adam,step,-0.7878,HDGPSO,0
1,-0.7098,1246.0767831802368,HDGPSO,0.00010000000000000009,0.010000000000000004,0.5609071829694962,109,adam,cosine,-0.7878,HDGPSO,0
2,-0.4872,1322.1638946533203,HDGPSO,0.01701712608782799,0.00019278888509763705,0.6094915350589014,512,adam,cosine,-0.7878,HDGPSO,0
2,-0.6772,1385.0446014404297,HDGPSO,0.005094897955401898,1.4365927778726086e-06,0.6021430033353632,169,adam,cosine,-0.7878,HDGPSO,0
2,-0.7976,1445.9709079265594,HDGPSO,0.0004515318692896601,0.010000000000000004,0.5550283575906656,154,adam,cosine,-0.7976,HDGPSO,0
2,-0.771,1514.5967240333557,HDGPSO,0.00010000000000000009,0.0016611231376789683,0.6431497158079742,32,adamw,cosine,-0.7976,HDGPSO,0
2,-0.6812,1570.93528175354,HDGPSO,0.00010000000000000009,0.010000000000000004,0.5828575355075434,109,adam,step,-0.7976,HDGPSO,0
2,-0.6872,1647.2720036506653,HDGPSO,0.00010374104247591776,0.00012056656603369397,0.6181092714354901,129,adamw,cosine,-0.7976,HDGPSO,0
2,-0.7656,1724.302633523941,HDGPSO,0.0007420688437410049,0.0008247358404324081,0.7477180380949827,185,adam,cosine,-0.7976,HDGPSO,0
2,-0.726,1797.103886604309,HDGPSO,0.0016364700680898184,0.001659586768117604,0.560135938186752,214,adam,cosine,-0.7976,HDGPSO,0
2,-0.7012,1861.3841207027435,HDGPSO,0.00010000000000000009,0.0002459075305917296,0.5430531168522273,127,adam,cosine,-0.7976,HDGPSO,0
2,-0.8148,1937.6068654060364,HDGPSO,0.00014458168130222586,0.010000000000000004,0.6362992229842188,32,adam,cosine,-0.8148,HDGPSO,0
2,-0.8186,2008.8094470500946,HDGPSO,0.00019032777857126742,0.010000000000000004,0.592142839150661,32,adam,cosine,-0.8186,HDGPSO,0
2,-0.2232,2080.444364786148,HDGPSO,0.00011291125671913276,0.005404716785722306,0.6676714057944956,223,sgd,cosine,-0.8186,HDGPSO,0
2,-0.7894,2150.6721663475037,HDGPSO,0.00010000000000000009,0.010000000000000004,0.7381388661543722,32,adam,cosine,-0.8186,HDGPSO,0
2,-0.7894,2220.5820190906525,HDGPSO,0.00010000000000000009,0.010000000000000004,0.8274355937774795,32,adam,cosine,-0.8186,HDGPSO,0
2,-0.3612,2285.5020072460175,HDGPSO,0.00010000000000000009,0.010000000000000004,0.6716253891065266,37,sgd,cosine,-0.8186,HDGPSO,0
3,-0.7894,2355.6061866283417,HDGPSO,0.00010000000000000009,0.010000000000000004,0.8059631055971368,32,adam,cosine,-0.8186,HDGPSO,0
3,-0.7738,2425.036711215973,HDGPSO,0.00010000000000000009,0.0026378287354524156,0.7046363061415499,34,adam,cosine,-0.8186,HDGPSO,0
3,-0.789,2497.048555612564,HDGPSO,0.00010000000000000009,0.009842402980401626,0.7361306077842407,32,adam,cosine,-0.8186,HDGPSO,0
3,-0.7894,2572.0710961818695,HDGPSO,0.00010000000000000009,0.010000000000000004,0.8274355937774795,32,adam,cosine,-0.8186,HDGPSO,0
3,-0.776,2650.0470821857452,HDGPSO,0.00010000000000000009,0.009685034034698555,0.833983689327963,32,adamw,cosine,-0.8186,HDGPSO,0
3,-0.7894,2726.5843646526337,HDGPSO,0.00010000000000000009,0.010000000000000004,0.9365875006016343,32,adam,cosine,-0.8186,HDGPSO,0
3,-0.8094,2796.7277135849,HDGPSO,0.00033206154351891876,0.010000000000000004,0.8248987925803241,32,adam,cosine,-0.8186,HDGPSO,0
3,-0.8156,2867.643144130707,HDGPSO,0.00028081932018470185,0.008887857321265416,0.8023452180516186,32,adam,cosine,-0.8186,HDGPSO,0
3,-0.7742,2934.906634092331,HDGPSO,0.00010000000000000009,0.0033169486675737976,0.6406798001629258,37,adam,cosine,-0.8186,HDGPSO,0
3,-0.6652,3004.187048435211,HDGPSO,0.0010490292978752413,0.010000000000000004,0.648297395435408,32,adam,cosine,-0.8186,HDGPSO,0
3,-0.4758,3071.4252576828003,HDGPSO,0.00030964858415507467,0.010000000000000004,0.629208651249775,32,sgd,cosine,-0.8186,HDGPSO,0
3,-0.7936,3152.0331134796143,HDGPSO,0.00011426776084186707,0.010000000000000004,0.5035905965643337,32,adam,cosine,-0.8186,HDGPSO,0
3,-0.8144,3228.040761232376,HDGPSO,0.00018952096287751355,0.005993406132033967,0.658030793064773,32,adam,cosine,-0.8186,HDGPSO,0
3,-0.7894,3302.091657400131,HDGPSO,0.00010000000000000009,0.010000000000000004,0.99,32,adam,cosine,-0.8186,HDGPSO,0
3,-0.7754,3372.457014799118,HDGPSO,0.00010000000000000009,0.010000000000000004,0.6450859060539127,35,adam,cosine,-0.8186,HDGPSO,0
4,-0.7102,3445.2952296733856,HDGPSO,0.0007396736012411966,0.010000000000000004,0.6633953322140317,32,adam,cosine,-0.8186,HDGPSO,0
4,-0.5114,3516.2748968601227,HDGPSO,0.00010000000000000009,0.010000000000000004,0.9132871318975868,32,sgd,cosine,-0.8186,HDGPSO,0
4,-0.781,3588.7777762413025,HDGPSO,0.00010000000000000009,0.005993406132033967,0.658030793064773,32,adam,cosine,-0.8186,HDGPSO,0
4,-0.7014,3660.5253801345825,HDGPSO,0.0008314697544189875,0.010000000000000004,0.5,32,adam,cosine,-0.8186,HDGPSO,0
4,-0.781,3732.29545545578,HDGPSO,0.00010000000000000009,0.005993406132033967,0.6450859060539127,32,adam,cosine,-0.8186,HDGPSO,0
4,-0.783,3805.1577241420746,HDGPSO,0.00010000000000000009,0.009453906956524198,0.7347639566051235,32,adam,cosine,-0.8186,HDGPSO,0
4,-0.79,3880.9267530441284,HDGPSO,0.0005850573392252276,0.00831731831119786,0.6576979050070993,67,adam,cosine,-0.8186,HDGPSO,0
4,-0.7942,3951.683746814728,HDGPSO,0.0004626810160307815,0.010000000000000004,0.659621711604592,32,adam,cosine,-0.8186,HDGPSO,0
4,-0.6924,4023.3996176719666,HDGPSO,0.0008841470329811767,0.010000000000000004,0.6534438595663077,32,adam,cosine,-0.8186,HDGPSO,0
4,-0.8114,4095.3899619579315,HDGPSO,0.0001777035577643857,0.010000000000000004,0.6507772101327964,32,adam,cosine,-0.8186,HDGPSO,0
0,-0.7486,61.631938457489014,SMAC,67,0.019744684303,0.5526788620371,sgd,none,9.59539048e-05,-0.7486,SMAC,0
1,-0.5986,140.67405915260315,SMAC,189,0.0002494484267,0.9847255286481,rmsprop,step,0.0033884499415,-0.7486,SMAC,0
2,-0.4946,221.75827598571777,SMAC,294,0.1980063306566,0.7011573388521,adam,cosine,0.0001883303973,-0.7486,SMAC,0
3,-0.6668,284.64524579048157,SMAC,52,0.0025673429541,0.7749296985101,adamw,step,1.6947988e-06,-0.7486,SMAC,0
4,-0.3188,353.0679979324341,SMAC,35,0.109894934792,0.870001354618,adamw,none,2.43952991e-05,-0.7486,SMAC,0
5,-0.7254,418.35183572769165,SMAC,47,0.0083080622372,0.5725572123504,sgd,none,7.40005524e-05,-0.7486,SMAC,0
6,-0.684,480.27367424964905,SMAC,63,0.0154071253453,0.5037246370461,sgd,none,4.8541446e-05,-0.7486,SMAC,0
7,-0.742,542.7795522212982,SMAC,67,0.008096650117,0.5900583753278,sgd,none,5.55089754e-05,-0.7486,SMAC,0
8,-0.7438,607.8001337051392,SMAC,49,0.011118887912,0.52978160236,sgd,none,6.00957209e-05,-0.7486,SMAC,0
9,-0.6996,679.8188600540161,SMAC,88,0.0141003858307,0.592454612213,sgd,none,6.82965303e-05,-0.7486,SMAC,0
10,-0.6886,749.8483440876007,SMAC,92,0.0089845582711,0.5027889774319,sgd,none,0.0007961648748,-0.7486,SMAC,0
11,-0.7408,809.6256420612335,SMAC,69,0.0119830080423,0.5830704093906,sgd,none,0.0001617655374,-0.7486,SMAC,0
12,-0.718,883.5266003608704,SMAC,79,0.0072180265156,0.5219393234411,sgd,none,0.0061269206614,-0.7486,SMAC,0
13,-0.4716,946.9874069690704,SMAC,72,0.1131138304837,0.545728470932,adam,cosine,6.57244273e-05,-0.7486,SMAC,0
14,-0.4186,1008.1844234466553,SMAC,65,0.1376931709256,0.5511385422116,adam,step,6.08361509e-05,-0.7486,SMAC,0
15,-0.476,1068.190675497055,SMAC,70,0.0696333832934,0.5413742047205,adam,step,5.8535896e-05,-0.7486,SMAC,0
16,-0.4102,1127.8468372821808,SMAC,69,0.1748136514126,0.5503232976241,adam,cosine,6.21528623e-05,-0.7486,SMAC,0
17,-0.6286,1189.3736171722412,SMAC,67,0.0213092253512,0.5465722066858,adam,cosine,5.8694983e-05,-0.7486,SMAC,0
18,-0.4866,1249.7091908454895,SMAC,67,0.2180831809668,0.5468407451102,adam,cosine,5.96794966e-05,-0.7486,SMAC,0
19,-0.1,1278.0242309570312,SMAC,373,0.1678993041888,0.9596251837906,rmsprop,none,1.2796992e-06,-0.7486,SMAC,0
20,-0.1,1289.9307737350464,SMAC,46,0.0499678882029,0.9629712933919,rmsprop,cosine,0.000103722531,-0.7486,SMAC,0
21,-0.6388,1367.8048632144928,SMAC,136,0.0002681766293,0.9125948881548,rmsprop,cosine,3.1387679e-06,-0.7486,SMAC,0
22,-0.6494,1430.9168901443481,SMAC,65,0.0175961245716,0.5518778877332,sgd,none,8.42023201e-05,-0.7486,SMAC,0
23,-0.7142,1491.4156782627106,SMAC,67,0.0179692885861,0.5495451236393,sgd,none,9.99602524e-05,-0.7486,SMAC,0
24,-0.7148,1553.2425532341003,SMAC,67,0.0176681192694,0.5498910850842,sgd,none,0.0001148987217,-0.7486,SMAC,0
25,-0.706,1614.989770412445,SMAC,66,0.018117794092,0.5500143116041,sgd,none,9.17191346e-05,-0.7486,SMAC,0
26,-0.6518,1675.6267359256744,SMAC,66,0.0174807048427,0.5476960735298,sgd,none,0.0001067644547,-0.7486,SMAC,0
27,-0.6638,1737.1581885814667,SMAC,65,0.0177968538563,0.5479350223467,sgd,none,7.65312105e-05,-0.7486,SMAC,0
28,-0.6492,1799.3414223194122,SMAC,65,0.0179150878867,0.5506311842396,sgd,none,8.28530686e-05,-0.7486,SMAC,0
29,-0.6022,1862.2673392295837,SMAC,59,0.0791500073333,0.7396204873093,adam,cosine,5.0682327e-06,-0.7486,SMAC,0
30,-0.749,1925.2961242198944,SMAC,67,0.0191949895659,0.5675170904456,sgd,none,0.0002686835235,-0.749,SMAC,0
31,-0.6166,1989.427985906601,SMAC,51,0.0152053677787,0.7981175039684,adam,cosine,0.0004055657535,-0.749,SMAC,0
32,-0.729,2053.0789864063263,SMAC,67,0.0195352863253,0.5675170191075,sgd,none,0.0003075523572,-0.749,SMAC,0
33,-0.7188,2115.1737966537476,SMAC,67,0.0197231175369,0.5669630264202,sgd,none,0.0001182851531,-0.749,SMAC,0
34,-0.7244,2176.089435815811,SMAC,67,0.0200578796465,0.5666885267905,sgd,none,0.0012381110032,-0.749,SMAC,0
35,-0.756,2237.1936089992523,SMAC,67,0.0196206538059,0.5669403135641,sgd,none,0.0016224225414,-0.756,SMAC,0
36,-0.6996,2296.948655128479,SMAC,75,0.0192369752793,0.567839649345,sgd,none,0.0082046755773,-0.756,SMAC,0
37,-0.7166,2362.8408784866333,SMAC,68,0.0195980199489,0.5597433471337,sgd,none,0.001494949292,-0.756,SMAC,0
38,-0.652,2427.519392967224,SMAC,66,0.0196389434935,0.5615245755287,sgd,none,0.0014550769061,-0.756,SMAC,0
39,-0.1594,2507.883485555649,SMAC,405,0.0350416766241,0.7023521757728,adam,none,0.006715042567,-0.756,SMAC,0
40,-0.711,2568.8683953285217,SMAC,65,0.0195352863253,0.5595667372525,sgd,none,0.0015539653323,-0.756,SMAC,0
41,-0.5012,2635.3567736148834,SMAC,35,0.1842349174252,0.5596060346649,sgd,none,0.0015760610251,-0.756,SMAC,0
42,-0.6556,2697.736085176468,SMAC,52,0.1787803801202,0.5606590357724,sgd,none,0.0014528293741,-0.756,SMAC,0
43,-0.6386,2759.825410604477,SMAC,44,0.1373805156971,0.5652236716347,sgd,none,0.0015413816603,-0.756,SMAC,0
44,-0.613,2824.33633184433,SMAC,41,0.1557193293456,0.5602938134263,sgd,none,0.0015567809398,-0.756,SMAC,0
45,-0.7372,2890.036094903946,SMAC,67,0.0196206538059,0.5669403135641,sgd,none,0.0022309050774,-0.756,SMAC,0
46,-0.7546,2951.037842988968,SMAC,67,0.0196354526493,0.8639756518793,sgd,none,0.0016610789776,-0.756,SMAC,0
47,-0.7942,3011.6750087738037,SMAC,48,0.0187174824584,0.5663606257009,sgd,cosine,0.0020927141251,-0.7942,SMAC,0
48,-0.6978,3092.646003484726,SMAC,361,0.0004259581913,0.5986304514219,adam,step,3.0074252e-06,-0.7942,SMAC,0
49,-0.4522,3153.532628297806,SMAC,67,0.0002955306639,0.5676324387532,sgd,none,0.0023618141092,-0.7942,SMAC,0
50,-0.5408,3216.0522174835205,SMAC,49,0.000526447601,0.5665565393984,sgd,none,0.0028948687628,-0.7942,SMAC,0
51,-0.4302,3279.4191975593567,SMAC,67,0.000238026715,0.5741207556273,sgd,none,0.0029568811233,-0.7942,SMAC,0
52,-0.0952,3358.66272687912,SMAC,162,0.0419307679819,0.7776836949954,rmsprop,none,0.0047056239659,-0.7942,SMAC,0
53,-0.7648,3426.4123980998993,SMAC,43,0.0187690042179,0.5651716766827,sgd,step,0.0018828351359,-0.7942,SMAC,0
54,-0.7634,3487.883891105652,SMAC,46,0.0183662672596,0.5664213684418,sgd,step,0.001870957844,-0.7942,SMAC,0
55,-0.7646,3549.93532371521,SMAC,46,0.0188085693848,0.5658496846167,sgd,step,0.0019490155802,-0.7942,SMAC,0
56,-0.7698,3614.9324054718018,SMAC,38,0.0185303176102,0.564286957579,sgd,step,0.0019194448535,-0.7942,SMAC,0
57,-0.747,3681.465287923813,SMAC,33,0.0103541997863,0.5640650494098,sgd,step,0.0018464919267,-0.7942,SMAC,0
58,-0.6696,3762.4340677261353,SMAC,399,0.0002098824972,0.8048483887856,adamw,step,0.0007270826172,-0.7942,SMAC,0
59,-0.7506,3830.835167169571,SMAC,42,0.0125052060664,0.5640124010718,sgd,step,0.0019125560882,-0.7942,SMAC,0
1,-0.3236,71.87683367729187,GridSearch,0.00010000000000000009,1.0000000000000004e-06,0.5,32,sgd,cosine,-0.3236,GridSearch,1
2,-0.3,138.29510712623596,GridSearch,0.00010000000000000009,1.0000000000000004e-06,0.5,32,sgd,step,-0.3236,GridSearch,1
3,-0.4076,204.72063326835632,GridSearch,0.00010000000000000009,1.0000000000000004e-06,0.5,32,sgd,none,-0.4076,GridSearch,1
4,-0.7672,275.5438530445099,GridSearch,0.00010000000000000009,1.0000000000000004e-06,0.5,32,adam,cosine,-0.7672,GridSearch,1
5,-0.7418,346.1132252216339,GridSearch,0.00010000000000000009,1.0000000000000004e-06,0.5,32,adam,step,-0.7672,GridSearch,1
6,-0.737,417.89315032958984,GridSearch,0.00010000000000000009,1.0000000000000004e-06,0.5,32,adam,none,-0.7672,GridSearch,1
7,-0.7708,488.089008808136,GridSearch,0.00010000000000000009,1.0000000000000004e-06,0.5,32,adamw,cosine,-0.7708,GridSearch,1
8,-0.73,558.0066795349121,GridSearch,0.00010000000000000009,1.0000000000000004e-06,0.5,32,adamw,step,-0.7708,GridSearch,1
9,-0.7504,627.5985009670258,GridSearch,0.00010000000000000009,1.0000000000000004e-06,0.5,32,adamw,none,-0.7708,GridSearch,1
10,-0.8004,697.8954863548279,GridSearch,0.00010000000000000009,1.0000000000000004e-06,0.5,32,rmsprop,cosine,-0.8004,GridSearch,1
11,-0.75,767.8527626991272,GridSearch,0.00010000000000000009,1.0000000000000004e-06,0.5,32,rmsprop,step,-0.8004,GridSearch,1
12,-0.7294,838.149552822113,GridSearch,0.00010000000000000009,1.0000000000000004e-06,0.5,32,rmsprop,none,-0.8004,GridSearch,1
1,-0.5464,78.83467531204224,RandomSearch,0.007820109555568514,0.006336578001821525,0.5706382102326205,445,adam,step,-0.5464,RandomSearch,1
2,-0.1,91.15636539459229,RandomSearch,0.11525162754136092,4.333078385228662e-05,0.7693009069597991,35,rmsprop,step,-0.5464,RandomSearch,1
3,-0.5108,160.47543144226074,RandomSearch,0.0016583176718147,0.0014246717533063075,0.648565466352906,113,sgd,step,-0.5464,RandomSearch,1
4,-0.7594,219.8662886619568,RandomSearch,0.0005656852208754239,1.1200911395398854e-05,0.8676786895887257,70,adam,none,-0.7594,RandomSearch,1
5,-0.5306,277.7959876060486,RandomSearch,0.3606958236397906,0.0007927929200841651,0.7652011592182428,69,sgd,none,-0.7594,RandomSearch,1
6,-0.5508,358.2953071594238,RandomSearch,0.00810815828225939,2.9071165924758387e-06,0.8055099802133752,276,adamw,none,-0.7594,RandomSearch,1
7,-0.7556,425.6230309009552,RandomSearch,0.0001401047511795095,0.00013012389454881125,0.7250745826138478,38,adamw,none,-0.7594,RandomSearch,1
8,-0.5998,500.71733379364014,RandomSearch,0.015605261129894712,1.0974627565094533e-05,0.9115419453053903,132,adamw,none,-0.7594,RandomSearch,1
9,-0.435,579.4585356712341,RandomSearch,0.00035250004222380253,0.0018989209087573477,0.834810583941596,284,sgd,none,-0.7594,RandomSearch,1
10,-0.4918,645.623729467392,RandomSearch,0.0005101541966316523,2.1193879923293493e-06,0.9190612174006644,349,rmsprop,step,-0.7594,RandomSearch,1
11,-0.5876,705.3804819583893,RandomSearch,0.0010320405682694015,1.0674986006944128e-06,0.8164032388317244,236,rmsprop,cosine,-0.7594,RandomSearch,1
12,-0.356,784.3115921020508,RandomSearch,0.0006252958476743703,0.0003608490117704206,0.8944768682410548,464,sgd,step,-0.7594,RandomSearch,1
13,-0.1,825.4604902267456,RandomSearch,0.20395160937411608,4.907582710690738e-05,0.7888560104211836,34,adamw,none,-0.7594,RandomSearch,1
14,-0.2678,886.1251316070557,RandomSearch,0.11439369621330807,0.003484023428966146,0.8235741364550564,63,rmsprop,cosine,-0.7594,RandomSearch,1
15,-0.5262,950.8348934650421,RandomSearch,0.11881210183112174,1.781852252043333e-06,0.9044890285628424,51,adam,cosine,-0.7594,RandomSearch,1
16,-0.5872,1023.061690568924,RandomSearch,0.036077377138980106,5.179496127460278e-06,0.6941655194863233,33,adam,step,-0.7594,RandomSearch,1
17,-0.7152,1097.7108435630798,RandomSearch,0.00024649009795257664,0.0003409100341147199,0.6864078922444008,239,adamw,step,-0.7594,RandomSearch,1
18,-0.4802,1157.0583238601685,RandomSearch,0.1615074404399977,0.00033770731664159253,0.8970344325320865,83,adamw,cosine,-0.7594,RandomSearch,1
19,-0.1,1168.989468574524,RandomSearch,0.48383399830320745,9.39424445746248e-06,0.6258650589412803,39,adam,none,-0.7594,RandomSearch,1
20,-0.424,1227.6833765506744,RandomSearch,0.038149371210419135,3.2710926806508703e-06,0.6843568656997662,103,adamw,step,-0.7594,RandomSearch,1
21,-0.558,1286.1894114017487,RandomSearch,0.01477453080653734,0.0022842225491164045,0.8559720690530614,88,adam,step,-0.7594,RandomSearch,1
22,-0.7562,1346.2803702354431,RandomSearch,0.0002546274557633578,6.500790590226231e-06,0.6390651795826242,77,adam,step,-0.7594,RandomSearch,1
23,-0.3832,1428.6964588165283,RandomSearch,0.3928729006404115,0.0012550370293767084,0.8876556346046746,263,adamw,none,-0.7594,RandomSearch,1
24,-0.7738,1493.4610030651093,RandomSearch,0.03555668457321731,0.00010032882428538812,0.5377710661652639,124,sgd,cosine,-0.7738,RandomSearch,1
25,-0.5966,1576.077939748764,RandomSearch,0.007445930336571405,0.001381469084430264,0.6445531569747045,270,adamw,cosine,-0.7738,RandomSearch,1
26,-0.3758,1656.2318000793457,RandomSearch,0.3710109607481012,4.041521519196492e-05,0.6446647852747209,336,sgd,none,-0.7738,RandomSearch,1
27,-0.6606,1737.8849153518677,RandomSearch,0.000495174291456025,3.715070879583011e-05,0.6136309404464478,330,adam,none,-0.7738,RandomSearch,1
28,-0.3942,1796.571623802185,RandomSearch,0.020550551240158928,0.0005949648911825639,0.7555473098448846,75,adam,none,-0.7738,RandomSearch,1
29,-0.7484,1870.5019659996033,RandomSearch,0.0005549381784108497,0.008971717804698017,0.871569872381871,87,adamw,step,-0.7738,RandomSearch,1
30,-0.6696,1936.1603207588196,RandomSearch,0.002577097886085517,0.00010356471175724689,0.5081941826013348,126,rmsprop,cosine,-0.7738,RandomSearch,1
31,-0.6884,2015.7715973854065,RandomSearch,0.058564681713371904,5.904125226269641e-05,0.6025477108827149,394,sgd,cosine,-0.7738,RandomSearch,1
32,-0.1,2028.0810525417328,RandomSearch,0.4958687872951771,1.1183743160615621e-05,0.9160318157110433,172,rmsprop,step,-0.7738,RandomSearch,1
33,-0.686,2097.8244943618774,RandomSearch,0.002195860744723793,0.0011044730884517179,0.5129774289629464,111,adam,step,-0.7738,RandomSearch,1
34,-0.6602,2168.3373720645905,RandomSearch,0.0002965275786462662,7.762962062647862e-06,0.7754052791488576,94,rmsprop,step,-0.7738,RandomSearch,1
35,-0.1,2179.3693873882294,RandomSearch,0.1533909131191774,0.0008500478031255945,0.7948934894016968,71,rmsprop,cosine,-0.7738,RandomSearch,1
36,-0.6754,2260.982719182968,RandomSearch,0.00018975955209922664,0.0071032698522417725,0.7646054904972699,274,adamw,step,-0.7738,RandomSearch,1
37,-0.3856,2320.8509526252747,RandomSearch,0.0001334647010582947,5.586949134537315e-06,0.8305978037630409,156,sgd,none,-0.7738,RandomSearch,1
38,-0.7668,2396.9866313934326,RandomSearch,0.0003723483698681342,0.00010995449770868,0.5705614087594363,234,adam,cosine,-0.7738,RandomSearch,1
39,-0.6512,2473.5985860824585,RandomSearch,0.00014794667252965697,5.0042863398243335e-06,0.5939813711945475,142,adam,none,-0.7738,RandomSearch,1
40,-0.1,2500.2558164596558,RandomSearch,0.33835856519132224,0.0015352688624713801,0.8290779406505446,334,rmsprop,cosine,-0.7738,RandomSearch,1
41,-0.7664,2564.5500299930573,RandomSearch,0.00027344355561286773,2.7609309088402872e-05,0.5458575579908739,169,adam,cosine,-0.7738,RandomSearch,1
42,-0.7372,2642.0755343437195,RandomSearch,0.0011655115493680742,2.4595894998093085e-06,0.8630627820866978,195,adamw,cosine,-0.7738,RandomSearch,1
43,-0.6378,2712.325140953064,RandomSearch,0.0038777069849739157,0.000550572302416264,0.5766098584527574,93,sgd,cosine,-0.7738,RandomSearch,1
44,-0.7374,2792.3972175121307,RandomSearch,0.0006319101041834534,4.556177600107881e-05,0.7269876177808161,372,adam,cosine,-0.7738,RandomSearch,1
45,-0.1,2818.918438911438,RandomSearch,0.1138086774695497,1.7676152570694904e-06,0.5455660764044918,463,rmsprop,step,-0.7738,RandomSearch,1
46,-0.731,2898.9878437519073,RandomSearch,0.0003082659596968382,3.5230782777342186e-05,0.6662054974622851,362,adam,cosine,-0.7738,RandomSearch,1
47,-0.1952,2960.8625223636627,RandomSearch,0.2680554511282969,0.00030849878281611926,0.5571878298226911,44,adam,cosine,-0.7738,RandomSearch,1
48,-0.3616,3025.5505027770996,RandomSearch,0.021718629120995495,0.0002921024262976842,0.5157198608228953,301,rmsprop,none,-0.7738,RandomSearch,1
49,-0.7278,3094.0587246418,RandomSearch,0.03016089189349397,0.0005908114852857476,0.5802334106820523,34,sgd,none,-0.7738,RandomSearch,1
50,-0.7288,3175.4075570106506,RandomSearch,0.024462675949127523,0.00613234621578445,0.6711983358473268,260,sgd,cosine,-0.7738,RandomSearch,1
51,-0.6868,3252.337337732315,RandomSearch,0.0010595169109902595,0.0001589545657005287,0.773130351244546,128,adam,step,-0.7738,RandomSearch,1
52,-0.4568,3320.764968395233,RandomSearch,0.3764048449353483,6.797015212816811e-05,0.9103609966812183,37,adam,step,-0.7738,RandomSearch,1
53,-0.4092,3401.15500497818,RandomSearch,0.019703670144155715,1.0001689312835057e-05,0.6956525966084317,443,adamw,step,-0.7738,RandomSearch,1
54,-0.7766,3466.0344586372375,RandomSearch,0.00017439658304236336,1.6169814234194424e-06,0.6035852394377117,47,rmsprop,cosine,-0.7766,RandomSearch,1
55,-0.7508,3531.8313961029053,RandomSearch,0.0022555073191085385,1.7127335242788608e-06,0.8136051735756615,36,sgd,cosine,-0.7766,RandomSearch,1
56,-0.7166,3594.1975190639496,RandomSearch,0.0010123368557244498,0.00020203763307160264,0.8946698226391183,67,adam,none,-0.7766,RandomSearch,1
57,-0.6016,3676.733227968216,RandomSearch,0.057443472183592054,3.2155775908378778e-06,0.8951109780061148,321,sgd,step,-0.7766,RandomSearch,1
58,-0.7368,3740.78231549263,RandomSearch,0.0005342551972195655,9.418263745862768e-06,0.7420628201110346,136,adam,step,-0.7766,RandomSearch,1
59,-0.7322,3820.003930568695,RandomSearch,0.0006144545211144144,0.0013011323429989688,0.6361457218940181,403,adamw,cosine,-0.7766,RandomSearch,1
60,-0.7814,3897.1048023700714,RandomSearch,0.00044161195787801357,8.7260128794783e-05,0.6843856770741626,180,adam,cosine,-0.7814,RandomSearch,1
1,-0.2296,90.3153350353241,Bayes,0.48815383377259125,0.005373155847046804,0.5627809794853849,511,sgd,step,-0.2296,Bayes,1
2,-0.5788,157.75583243370056,Bayes,0.0027218876552497794,0.0004775118430165602,0.9584141446949557,334,adam,step,-0.5788,Bayes,1
3,-0.491,224.92611455917358,Bayes,0.0043683653380961265,8.285311763978989e-06,0.7618628153840383,403,adam,step,-0.5788,Bayes,1
4,-0.2376,305.05310821533203,Bayes,0.29771829510026604,0.0012988438590259565,0.8508255528244986,296,sgd,step,-0.5788,Bayes,1
5,-0.4898,367.1830258369446,Bayes,0.1583740289990745,0.0020729442842862015,0.9065056461031501,68,sgd,none,-0.5788,Bayes,1
6,-0.7854,427.05614280700684,Bayes,0.00018980151521402338,0.009862086597110516,0.7348375145294564,95,adam,cosine,-0.7854,Bayes,1
7,-0.591,505.68091917037964,Bayes,0.0001,0.01,0.99,512,adam,step,-0.7854,Bayes,1
8,-0.4974,580.3346698284149,Bayes,0.25109377787543685,8.539130139086455e-05,0.8255146779131173,187,adam,cosine,-0.7854,Bayes,1
9,-0.7438,645.7819526195526,Bayes,0.0001,0.01,0.7278201056976406,67,adam,cosine,-0.7854,Bayes,1
10,-0.7444,724.4209678173065,Bayes,0.0006193125683471108,0.01,0.99,512,adam,cosine,-0.7854,Bayes,1
11,-0.7276,793.6664464473724,Bayes,0.0001,0.01,0.8156828605513093,38,rmsprop,cosine,-0.7854,Bayes,1
12,-0.6728,870.8020322322845,Bayes,0.00024152965547885526,0.0004777134189406234,0.5344116722806483,512,adam,none,-0.7854,Bayes,1
13,-0.7798,928.3620979785919,Bayes,0.0002496704008570569,0.01,0.8302549010293132,115,adam,cosine,-0.7854,Bayes,1
14,-0.7554,1008.5434532165527,Bayes,0.00022238482900694098,0.01,0.5560465372459483,201,adam,cosine,-0.7854,Bayes,1
15,-0.7918,1079.4499440193176,Bayes,0.0005008512699612305,0.01,0.99,39,adam,cosine,-0.7918,Bayes,1
16,-0.7908,1151.9882369041443,Bayes,0.0004801112849463686,0.01,0.99,32,adam,cosine,-0.7918,Bayes,1
17,-0.775,1212.8104193210602,Bayes,0.0007536194427962015,0.01,0.99,71,adam,cosine,-0.7918,Bayes,1
18,-0.7942,1285.8736417293549,Bayes,0.00044474850871827526,0.01,0.99,32,adam,cosine,-0.7942,Bayes,1
19,-0.805,1352.490021944046,Bayes,0.00043860114076832896,0.01,0.5,40,adam,cosine,-0.805,Bayes,1
20,-0.8094,1420.654024362564,Bayes,0.00028690873706943456,0.01,0.5,41,adamw,cosine,-0.8094,Bayes,1
21,-0.8172,1490.0894539356232,Bayes,0.0003437325917563657,0.01,0.5,39,adam,cosine,-0.8172,Bayes,1
22,-0.4044,1565.8409533500671,Bayes,0.00025313505436897946,0.01,0.5,32,sgd,step,-0.8172,Bayes,1
23,-0.8068,1645.5186161994934,Bayes,0.0002584058239274065,1.4947376574749498e-05,0.5,32,adam,cosine,-0.8172,Bayes,1
24,-0.8158,1715.2246475219727,Bayes,0.00026646369374695126,0.01,0.5,38,adam,cosine,-0.8172,Bayes,1
25,-0.8142,1782.3722696304321,Bayes,0.00031402433283559767,0.01,0.5,42,adam,cosine,-0.8172,Bayes,1
26,-0.8122,1849.6508486270905,Bayes,0.0003107810183481416,0.01,0.5,36,adam,cosine,-0.8172,Bayes,1
27,-0.7986,1920.8417446613312,Bayes,0.000386521909288401,0.01,0.5,32,adam,cosine,-0.8172,Bayes,1
28,-0.8214,1985.8020985126495,Bayes,0.00033775430507212837,0.01,0.5,44,adam,cosine,-0.8214,Bayes,1
29,-0.7356,2050.1920766830444,Bayes,0.0003075061908932656,1e-06,0.5,44,adam,none,-0.8214,Bayes,1
30,-0.729,2127.626384973526,Bayes,0.0005288550584435349,0.0004917628754741594,0.5144018818445433,512,adam,cosine,-0.8214,Bayes,1
31,-0.6948,2205.32715344429,Bayes,0.0013278111641747802,0.01,0.99,512,adam,cosine,-0.8214,Bayes,1
32,-0.102,2276.919998884201,Bayes,0.49999999999999994,0.01,0.5,32,adam,none,-0.8214,Bayes,1
33,-0.137,2354.1932229995728,Bayes,0.0001,0.01,0.5,512,sgd,cosine,-0.8214,Bayes,1
34,-0.812,2423.737988948822,Bayes,0.0002697495132289258,0.01,0.5,41,adam,cosine,-0.8214,Bayes,1
35,-0.8092,2490.705235719681,Bayes,0.0002778236607910744,0.01,0.8189534894478014,44,adam,cosine,-0.8214,Bayes,1
36,-0.818,2553.579651594162,Bayes,0.00029408587029567144,0.01,0.5,53,adam,cosine,-0.8214,Bayes,1
37,-0.783,2624.451717376709,Bayes,0.0001,0.01,0.5,32,adam,cosine,-0.8214,Bayes,1
38,-0.8138,2689.038164615631,Bayes,0.00026606854342993744,0.01,0.5,44,adam,cosine,-0.8214,Bayes,1
39,-0.8158,2754.8466641902924,Bayes,0.000268187891938835,0.01,0.5,43,adam,cosine,-0.8214,Bayes,1
40,-0.648,2818.228704214096,Bayes,0.0002759416911480241,0.01,0.5,48,adam,none,-0.8214,Bayes,1
41,-0.737,2889.3757996559143,Bayes,0.0001,1e-06,0.5,32,adam,none,-0.8214,Bayes,1
42,-0.8046,2959.692184448242,Bayes,0.00019493784914416593,1e-06,0.5,32,adam,cosine,-0.8214,Bayes,1
43,-0.8096,3030.28467297554,Bayes,0.00019421369707182324,1e-06,0.5,32,adam,cosine,-0.8214,Bayes,1
44,-0.8024,3102.5587203502655,Bayes,0.00022875088811978537,1e-06,0.5,32,adam,cosine,-0.8214,Bayes,1
45,-0.4404,3170.7390882968903,Bayes,0.0002561264625079739,1e-06,0.5,32,sgd,cosine,-0.8214,Bayes,1
46,-0.4476,3237.8861196041107,Bayes,0.00026312712547288365,1e-06,0.5,32,sgd,cosine,-0.8214,Bayes,1
47,-0.487,3305.2318472862244,Bayes,0.00042442747311416103,1e-06,0.5,32,sgd,cosine,-0.8214,Bayes,1
48,-0.5718,3372.701584339142,Bayes,0.000540502643190098,1e-06,0.5,32,sgd,none,-0.8214,Bayes,1
49,-0.6378,3450.7631669044495,Bayes,0.002015670596482912,1e-06,0.5,512,adam,cosine,-0.8214,Bayes,1
50,-0.5528,3528.128466129303,Bayes,0.0017270010130901554,1e-06,0.5,512,rmsprop,cosine,-0.8214,Bayes,1
51,-0.776,3602.2504329681396,Bayes,0.00016343905540576234,1e-06,0.5,32,rmsprop,cosine,-0.8214,Bayes,1
52,-0.803,3674.843870162964,Bayes,0.0001808192580413309,1e-06,0.5,32,adam,cosine,-0.8214,Bayes,1
53,-0.803,3748.4184091091156,Bayes,0.0002098710782514089,1e-06,0.5,32,adam,cosine,-0.8214,Bayes,1
54,-0.7698,3821.454856157303,Bayes,0.00020555688886261952,1e-06,0.5,32,adam,none,-0.8214,Bayes,1
55,-0.7554,3895.433222770691,Bayes,0.00019981364147267418,1e-06,0.7461730029186957,32,adam,none,-0.8214,Bayes,1
56,-0.7612,3969.014815092087,Bayes,0.00020024604901163745,1e-06,0.5,32,adam,none,-0.8214,Bayes,1
57,-0.803,4043.136327981949,Bayes,0.0001990978174119061,1e-06,0.5,32,adam,cosine,-0.8214,Bayes,1
58,-0.799,4116.284451007843,Bayes,0.00018598710912621344,1e-06,0.5,32,adam,cosine,-0.8214,Bayes,1
59,-0.8066,4190.542895555496,Bayes,0.0002091529110980155,1e-06,0.5,32,adam,cosine,-0.8214,Bayes,1
60,-0.8042,4266.726260662079,Bayes,0.00020964078371487336,1e-06,0.5,32,adam,cosine,-0.8214,Bayes,1
1,-0.5784,62.35449290275574,Optuna-TPE,0.003487802515319415,0.0007608481233714798,0.500056043660499,73,rmsprop,step,-0.5784,Optuna-TPE,1
2,-0.6722,131.25536108016968,Optuna-TPE,0.03424572606200237,6.573686655138342e-06,0.9302775438315632,34,sgd,none,-0.6722,Optuna-TPE,1
3,-0.37,211.278555393219,Optuna-TPE,0.001443266840358054,0.000587882405664409,0.9294306846250588,382,rmsprop,none,-0.6722,Optuna-TPE,1
4,-0.4018,273.4679980278015,Optuna-TPE,0.009379126566246234,0.0005854751355295728,0.6546026591929708,214,rmsprop,none,-0.6722,Optuna-TPE,1
5,-0.6498,335.07194995880127,Optuna-TPE,0.00024089617375966466,6.188339116517525e-05,0.9452117965156168,71,rmsprop,none,-0.6722,Optuna-TPE,1
6,-0.3012,413.1075179576874,Optuna-TPE,0.00015753840848551409,0.0001979112227357912,0.5718970017038469,163,sgd,none,-0.6722,Optuna-TPE,1
7,-0.6924,478.5657949447632,Optuna-TPE,0.028533594280160512,0.00011469815928006894,0.9628514304354985,162,sgd,none,-0.6924,Optuna-TPE,1
8,-0.5992,559.4812943935394,Optuna-TPE,0.0019336393867314934,0.0010075077894785222,0.8557390128217213,370,adam,none,-0.6924,Optuna-TPE,1
9,-0.4876,624.0445468425751,Optuna-TPE,0.02844789917468424,0.0003067488059276001,0.5562255267471539,445,adam,cosine,-0.6924,Optuna-TPE,1
10,-0.4518,690.2747395038605,Optuna-TPE,0.01917787677564836,2.02572089167864e-05,0.7582584701062285,373,adam,none,-0.6924,Optuna-TPE,1
11,-0.1,701.4118673801422,Optuna-TPE,0.44965554032910643,0.006068842639005544,0.7737205791282209,90,adamw,cosine,-0.6924,Optuna-TPE,1
12,-0.5732,769.8683574199677,Optuna-TPE,0.0895363059948196,1.3526932974406525e-06,0.8660894217285794,34,sgd,step,-0.6924,Optuna-TPE,1
13,-0.549,839.4056575298309,Optuna-TPE,0.1046123223209895,5.4948937221405215e-06,0.9539438786511871,32,sgd,none,-0.6924,Optuna-TPE,1
14,-0.5138,895.2988359928131,Optuna-TPE,0.09049783280810697,3.4868083678262296e-05,0.8522236758675801,120,sgd,step,-0.6924,Optuna-TPE,1
15,-0.697,968.8237085342407,Optuna-TPE,0.031832056435049175,9.22609306965927e-06,0.9867894651447031,220,sgd,none,-0.697,Optuna-TPE,1
16,-0.4438,1029.8303434848785,Optuna-TPE,0.2799327780548524,1.0773962888393463e-05,0.9811857870276027,236,adamw,cosine,-0.697,Optuna-TPE,1
17,-0.6428,1104.5549108982086,Optuna-TPE,0.008069724758038032,1.0272062387276774e-06,0.6800167369325194,232,sgd,none,-0.697,Optuna-TPE,1
18,-0.559,1180.4011569023132,Optuna-TPE,0.0007486483302812174,9.338417404564119e-05,0.812477384011239,147,sgd,none,-0.697,Optuna-TPE,1
19,-0.7536,1260.403478860855,Optuna-TPE,0.01582953687783924,3.203394366992788e-06,0.8913418703709317,285,sgd,cosine,-0.7536,Optuna-TPE,1
20,-0.6482,1341.1234593391418,Optuna-TPE,0.004287311368501219,2.868493112778126e-06,0.8966453264880443,267,adamw,cosine,-0.7536,Optuna-TPE,1
21,-0.6568,1419.6364407539368,Optuna-TPE,0.009987360730676128,2.498720642625932e-06,0.7198100995027038,287,sgd,cosine,-0.7536,Optuna-TPE,1
22,-0.5668,1481.9114737510681,Optuna-TPE,0.045975439421031675,2.129659765567984e-05,0.978709156237278,180,sgd,cosine,-0.7536,Optuna-TPE,1
23,-0.7942,1539.0373239517212,Optuna-TPE,0.01710986224089268,1.4054861526413841e-05,0.8973488432365937,113,sgd,cosine,-0.7942,Optuna-TPE,1
24,-0.7942,1615.9812710285187,Optuna-TPE,0.01544798731368118,1.0019459345473752e-05,0.8911301573482592,125,sgd,cosine,-0.7942,Optuna-TPE,1
25,-0.7756,1684.953335762024,Optuna-TPE,0.013708431372422787,3.571740855982116e-06,0.8190940901541148,110,sgd,cosine,-0.7942,Optuna-TPE,1
26,-0.6974,1741.8257451057434,Optuna-TPE,0.00364849621158522,1.7756080545227945e-05,0.8182802299168017,109,sgd,cosine,-0.7942,Optuna-TPE,1
27,-0.801,1802.066217660904,Optuna-TPE,0.013081696662979795,4.312960992085603e-05,0.8064608395416342,57,sgd,cosine,-0.801,Optuna-TPE,1
28,-0.7164,1866.2892546653748,Optuna-TPE,0.005606217478307736,5.1305590768050227e-05,0.7929757483226689,51,adam,cosine,-0.801,Optuna-TPE,1
29,-0.7884,1930.8943192958832,Optuna-TPE,0.0009305606921795145,4.023300898215354e-05,0.9027835661328102,49,adamw,cosine,-0.801,Optuna-TPE,1
30,-0.5988,1990.767573595047,Optuna-TPE,0.002328135970053189,1.2894413402867681e-05,0.7115104529115708,72,rmsprop,step,-0.801,Optuna-TPE,1
31,-0.458,2048.5524611473083,Optuna-TPE,0.1629081088452556,3.111790375806596e-05,0.8658146442212509,89,sgd,cosine,-0.801,Optuna-TPE,1
32,-0.7928,2114.018004179001,Optuna-TPE,0.0006576949811829453,4.008079513337283e-05,0.9174869750248436,50,adamw,cosine,-0.801,Optuna-TPE,1
33,-0.8064,2178.288433074951,Optuna-TPE,0.00038277756802056683,6.606084801313002e-06,0.9086815209900192,52,adamw,cosine,-0.8064,Optuna-TPE,1
34,-0.6038,2246.1427500247955,Optuna-TPE,0.05013573307894512,7.68316889352844e-06,0.8423308570932236,39,adamw,cosine,-0.8064,Optuna-TPE,1
35,-0.805,2307.0446178913116,Optuna-TPE,0.0004199064527094587,5.175256316122117e-06,0.8858959093507459,59,adamw,cosine,-0.8064,Optuna-TPE,1
36,-0.8028,2370.6344673633575,Optuna-TPE,0.000345692639548052,5.516491093645862e-06,0.9410626523224677,61,adamw,cosine,-0.8064,Optuna-TPE,1
37,-0.7506,2434.8522551059723,Optuna-TPE,0.0004079629432540045,4.62811130497413e-06,0.9428478799881322,61,adamw,step,-0.8064,Optuna-TPE,1
38,-0.787,2495.1520478725433,Optuna-TPE,0.00017048473503129184,1.817293982956865e-06,0.9360468880245383,60,adamw,cosine,-0.8064,Optuna-TPE,1
39,-0.7726,2565.308664560318,Optuna-TPE,0.00012330685421832176,5.359115740127814e-06,0.9216960806710037,40,adamw,cosine,-0.8064,Optuna-TPE,1
40,-0.7956,2626.31644487381,Optuna-TPE,0.0002930804101326984,9.608494726523848e-05,0.83010895827659,86,adamw,cosine,-0.8064,Optuna-TPE,1
41,-0.6788,2690.2908177375793,Optuna-TPE,0.0012875570151154533,0.0002750223814015773,0.7820402206232506,65,rmsprop,cosine,-0.8064,Optuna-TPE,1
42,-0.7916,2752.420117855072,Optuna-TPE,0.0003066855566810883,0.00011158221379660889,0.8348416018497727,85,adamw,cosine,-0.8064,Optuna-TPE,1
43,-0.8074,2815.582867383957,Optuna-TPE,0.00038019207673975464,7.757888528183414e-05,0.8742423012145554,57,adamw,cosine,-0.8074,Optuna-TPE,1
44,-0.8032,2880.9928007125854,Optuna-TPE,0.000580117938466954,0.0026032423404076656,0.8781564207143008,45,adamw,cosine,-0.8074,Optuna-TPE,1
45,-0.8044,2950.0629777908325,Optuna-TPE,0.00047935826313149125,0.0023195424456151892,0.8751223126245795,41,adamw,cosine,-0.8074,Optuna-TPE,1
46,-0.7594,3018.083808898926,Optuna-TPE,0.0004878334066713961,0.002023002165757033,0.8608169088563405,42,adamw,step,-0.8074,Optuna-TPE,1
47,-0.7878,3083.161979198456,Optuna-TPE,0.0001962268121687402,0.008758094503684541,0.8765434605463686,46,adamw,cosine,-0.8074,Optuna-TPE,1
48,-0.7614,3153.0858147144318,Optuna-TPE,0.00010479832755051565,0.0026072875812560995,0.6267881497616693,37,adamw,cosine,-0.8074,Optuna-TPE,1
49,-0.8062,3218.9354009628296,Optuna-TPE,0.0005357070084521563,0.0007626464783819891,0.9172010606498067,44,adamw,cosine,-0.8074,Optuna-TPE,1
50,-0.7656,3290.7316794395447,Optuna-TPE,0.0013863515803624936,0.0007274966393806015,0.9200151991469737,34,adamw,cosine,-0.8074,Optuna-TPE,1
51,-0.6698,3354.8324851989746,Optuna-TPE,0.002251589402854316,0.0010115096280853544,0.9533931197462443,54,adam,step,-0.8074,Optuna-TPE,1
52,-0.8036,3420.389460325241,Optuna-TPE,0.0005947715697602449,0.0031507266548355555,0.8689098573471676,45,adamw,cosine,-0.8074,Optuna-TPE,1
53,-0.7944,3485.1744525432587,Optuna-TPE,0.0008969855653761718,0.004102062155890207,0.9166335500983862,44,adamw,cosine,-0.8074,Optuna-TPE,1
54,-0.7902,3546.426394224167,Optuna-TPE,0.0002304340556161926,0.001285959192095936,0.8507730499642738,71,adamw,cosine,-0.8074,Optuna-TPE,1
55,-0.8152,3621.31561422348,Optuna-TPE,0.0004989256993046267,0.0004008400606681548,0.8760572443611695,32,adamw,cosine,-0.8152,Optuna-TPE,1
56,-0.7968,3694.509610414505,Optuna-TPE,0.0010894361267622078,0.0005304035984934831,0.9682158061979866,33,adamw,cosine,-0.8152,Optuna-TPE,1
57,-0.6426,3763.8049371242523,Optuna-TPE,0.00043252282528936963,0.0004909234772466091,0.5483250179541276,37,rmsprop,none,-0.8152,Optuna-TPE,1
58,-0.7934,3832.7877275943756,Optuna-TPE,0.00014716232628551615,0.00017116576173548532,0.9064269360796302,36,adamw,cosine,-0.8152,Optuna-TPE,1
59,-0.7948,3891.902749300003,Optuna-TPE,0.0002612994763661508,0.001546758598068864,0.7486667267668813,78,adamw,cosine,-0.8152,Optuna-TPE,1
60,-0.7518,3956.0409376621246,Optuna-TPE,0.00190577269299774,0.00036712169542017054,0.8808324454547033,52,adamw,cosine,-0.8152,Optuna-TPE,1
1,-0.7208,70.46489906311035,DE,0.0009779314869892272,2.7990981783780398e-05,0.8490487553738058,35,adamw,step,-0.7208,DE,1
2,-0.0884,135.00726437568665,DE,0.3208002917106708,0.0015037054762472109,0.708013474708423,428,adam,none,-0.7208,DE,1
3,-0.6748,191.01124167442322,DE,0.028634305598743255,3.0615015314958505e-06,0.9553434482682497,119,sgd,step,-0.7208,DE,1
4,-0.7172,253.60485315322876,DE,0.00025520758294073423,0.00013740190517875768,0.6054366220906376,156,rmsprop,cosine,-0.7208,DE,1
5,-0.6786,319.1741497516632,DE,0.0004792152748990548,6.391844191674294e-06,0.6790952347125858,186,rmsprop,cosine,-0.7208,DE,1
6,-0.7342,378.4779517650604,DE,0.016366971971924858,0.000368587291159412,0.7591193058900535,72,sgd,none,-0.7342,DE,1
7,-0.3444,456.6585624217987,DE,0.06270734230744869,5.6337835688745295e-05,0.5117949381098151,348,adam,none,-0.7342,DE,1
8,-0.7164,517.90154337883,DE,0.005369260675356572,0.0041793880878738384,0.9227129737753421,57,adamw,cosine,-0.7342,DE,1
9,-0.7002,592.5732445716858,DE,0.0027504516141886692,1.2549407552417303e-06,0.5424316799454391,84,adam,cosine,-0.7342,DE,1
10,-0.4264,669.623916387558,DE,0.12258402024258648,0.00018775486457080069,0.892098781010136,217,adamw,step,-0.7342,DE,1
11,-0.576,733.7838077545166,DE,0.010940490197074621,1.2321906938613712e-05,0.6484885169286281,49,rmsprop,none,-0.7342,DE,1
12,-0.3578,798.6467001438141,DE,0.0007178587108580701,0.0019112149005952787,0.7897635227069258,301,sgd,step,-0.7342,DE,1
13,-0.3372,887.0571575164795,DE,0.00013074722524455333,4.427883241340554e-05,0.9859800732787698,501,sgd,cosine,-0.7342,DE,1
14,-0.273,951.6399891376495,DE,0.055969668501673654,0.009504080477941776,0.5748223125003278,40,rmsprop,step,-0.7342,DE,1
15,-0.1,964.2115876674652,DE,0.21446310219470172,4.6720608523516106e-06,0.8184419207647443,132,adamw,none,-0.7342,DE,1
16,-0.6832,1023.0851731300354,DE,0.0014647630131586304,0.0009002659000517716,0.7386575747001917,103,adam,step,-0.7342,DE,1
17,-0.3936,1082.967167377472,DE,0.0003583343089343412,0.0003038188422973709,0.5816961140223799,58,sgd,step,-0.7342,DE,1
18,-0.7192,1145.1120417118073,DE,0.0003583343089343412,0.0015037054762472109,0.5816961140223799,58,adam,none,-0.7342,DE,1
19,-0.3936,1205.9910342693329,DE,0.0003583343089343412,0.0003038188422973709,0.5816961140223799,58,sgd,step,-0.7342,DE,1
20,-0.77,1272.5817158222198,DE,0.00012800729275255735,8.91300142664329e-06,0.7768691649584725,43,rmsprop,cosine,-0.77,DE,1
21,-0.6508,1349.8246927261353,DE,0.0015912315762357531,1.967205273481849e-05,0.9857520861704293,183,adamw,step,-0.77,DE,1
22,-0.6506,1416.489545583725,DE,0.003238915884172759,7.683598410081874e-06,0.6480904523736183,45,adamw,step,-0.77,DE,1
23,-0.4836,1483.424524307251,DE,0.005516309484542204,0.0006669096608489237,0.6518167422562215,41,rmsprop,step,-0.77,DE,1
24,-0.6184,1540.9607434272766,DE,0.0006296095320514446,0.0041793880878738384,0.8414065798513249,111,rmsprop,cosine,-0.77,DE,1
25,-0.6424,1603.1002802848816,DE,0.0027504516141886692,4.600299060768918e-06,0.8873318682691267,81,adam,step,-0.77,DE,1
26,-0.5454,1678.8888025283813,DE,0.0013491951523480214,6.0895209482165906e-05,0.9666430102706094,146,rmsprop,cosine,-0.77,DE,1
27,-0.798,1744.82981467247,DE,0.0008391775161245837,0.00017288960581128833,0.6554205796500321,44,adam,cosine,-0.798,DE,1
28,-0.8008,1810.5900027751923,DE,0.00023839378447315274,0.0019112149005952787,0.7897635227069258,50,adamw,cosine,-0.8008,DE,1
29,-0.2114,1885.613575220108,DE,0.00022854326449610324,0.0023203663068232273,0.7035179787929853,501,sgd,step,-0.8008,DE,1
30,-0.1,1897.668773651123,DE,0.3546379632577069,0.00456289781785189,0.6799513691559809,40,rmsprop,step,-0.8008,DE,1
31,-0.1,1910.1022934913635,DE,0.21446310219470172,0.00029624007821819247,0.8184419207647443,132,adamw,cosine,-0.8008,DE,1
32,-0.7004,1970.7509570121765,DE,0.0014647630131586304,0.0009002659000517716,0.7441333981739213,60,adamw,step,-0.8008,DE,1
33,-0.4906,2031.107700586319,DE,0.031838826019864215,0.0019112149005952787,0.7897635227069258,81,adam,step,-0.8008,DE,1
34,-0.7708,2094.6823477745056,DE,0.00025686910997306804,0.006892627526680735,0.5876744331736458,62,adam,step,-0.8008,DE,1
35,-0.1998,2172.6294660568237,DE,0.3717075908751266,3.0615015314958505e-06,0.9419260849648429,167,sgd,cosine,-0.8008,DE,1
36,-0.4542,2238.947591781616,DE,0.016366971971924858,0.000368587291159412,0.7591193058900535,36,rmsprop,step,-0.8008,DE,1
37,-0.6872,2302.93097615242,DE,0.005883499277372038,4.900578868088654e-05,0.5867316880382486,124,adam,cosine,-0.8008,DE,1
38,-0.648,2370.7643172740936,DE,0.001090310499976988,2.7155518423404622e-06,0.8193993789702732,35,sgd,step,-0.8008,DE,1
39,-0.7928,2442.6432399749756,DE,0.0001623094954747025,1.336810133071046e-05,0.5390837532199473,33,adam,cosine,-0.8008,DE,1
40,-0.653,2506.5452420711517,DE,0.0016765343755892252,0.0041793880878738384,0.6955816086128034,200,adamw,step,-0.8008,DE,1
41,-0.4544,2566.346077442169,DE,0.0017580679430861646,4.190941435042673e-06,0.9759950102700994,85,rmsprop,step,-0.8008,DE,1
42,-0.7042,2634.7018575668335,DE,0.0005307330202036541,4.236492481619283e-06,0.7601276664435785,260,adam,step,-0.8008,DE,1
43,-0.748,2700.753612756729,DE,0.001716748909964219,8.91300142664329e-06,0.68410335319375,43,adamw,cosine,-0.8008,DE,1
44,-0.594,2778.316753387451,DE,0.007711365504375953,0.00017288960581128833,0.6554205796500321,130,adam,step,-0.8008,DE,1
45,-0.4194,2834.351537466049,DE,0.00013074722524455333,5.526832378302537e-06,0.9401475716761716,110,sgd,step,-0.8008,DE,1
46,-0.4316,2899.330525636673,DE,0.020771065529581655,0.0037865516073461655,0.8312060034846016,42,adam,step,-0.8008,DE,1
47,-0.701,2963.2969205379486,DE,0.00015724545911268746,6.582223902398404e-05,0.8848612564111001,132,adamw,step,-0.8008,DE,1
48,-0.5698,3028.173816919327,DE,0.1279274687115267,0.0009002659000517716,0.7759622274001023,46,adamw,cosine,-0.8008,DE,1
49,-0.8056,3092.487054347992,DE,0.000351880541317155,0.005271633687471913,0.5945982159541257,50,adamw,cosine,-0.8056,DE,1
50,-0.6368,3155.3957648277283,DE,0.00437354545940876,3.6046088559567794e-05,0.8472681488930566,62,adam,step,-0.8056,DE,1
51,-0.4362,3212.069732427597,DE,0.028634305598743255,0.006471021323651567,0.9553434482682497,119,adam,cosine,-0.8056,DE,1
52,-0.7528,3276.650416612625,DE,0.016366971971924858,4.5280547050337416e-05,0.9307796709754755,61,sgd,none,-0.8056,DE,1
53,-0.742,3342.0099787712097,DE,0.000342169316631185,0.00033349969419851384,0.5867316880382486,124,adam,step,-0.8056,DE,1
54,-0.5804,3406.5561316013336,DE,0.02551647476189331,2.4275235195806203e-06,0.8525203987040304,62,adamw,step,-0.8056,DE,1
55,-0.753,3479.109667301178,DE,0.0001623094954747025,0.00011164516079519833,0.7476939462171941,96,adamw,cosine,-0.8056,DE,1
56,-0.7986,3541.3163046836853,DE,0.024170028741853585,5.8749905097770043e-05,0.7676641273450461,57,sgd,cosine,-0.8056,DE,1
57,-0.618,3610.8672218322754,DE,0.010702107035176583,0.000904245924119223,0.8983669519866528,41,adam,cosine,-0.8056,DE,1
58,-0.6658,3677.8757894039154,DE,0.0031447934360543228,4.236492481619283e-06,0.9823410201976089,44,adam,step,-0.8056,DE,1
59,-0.5052,3742.4637417793274,DE,0.23589352839064942,8.91300142664329e-06,0.7768691649584725,128,adam,cosine,-0.8056,DE,1
60,-0.7966,3807.3077549934387,DE,0.0008391775161245837,2.250057783040952e-06,0.8349823577427147,52,adam,cosine,-0.8056,DE,1
1,-0.3942,60.013211727142334,PSO,0.00023907379894097592,4.5313118440918034e-05,0.840256077286595,101,sgd,step,-0.3942,PSO,1
2,-0.1,72.79706978797913,PSO,0.028533594280160512,0.00011469815928006894,0.9628514304354985,163,rmsprop,cosine,-0.3942,PSO,1
3,-0.6832,137.81235313415527,PSO,0.00032747566354160705,0.0016965441064499503,0.6948616501229115,51,rmsprop,step,-0.6832,PSO,1
4,-0.1,164.24310994148254,PSO,0.05987305913178295,0.0008016631879017481,0.9328199846908468,181,rmsprop,step,-0.6832,PSO,1
5,-0.6046,243.35663771629333,PSO,0.000996449227874263,0.003833053427669123,0.7097646830369345,465,adamw,step,-0.6832,PSO,1
6,-0.7522,300.3958079814911,PSO,0.00026193972267508735,1.3969680771802286e-06,0.9413141821781542,109,adam,step,-0.7522,PSO,1
7,-0.4428,362.7452349662781,PSO,0.01209960084011684,0.0016011126021521556,0.5743534282891856,50,rmsprop,step,-0.7522,PSO,1
8,-0.6594,425.2622082233429,PSO,0.0005099867740633409,0.002028361214246373,0.659129225582811,69,rmsprop,step,-0.7522,PSO,1
9,-0.3826,503.72801065444946,PSO,0.0007411980548617577,0.0025024305436009545,0.9057116932983579,470,sgd,step,-0.7522,PSO,1
10,-0.6236,581.3998880386353,PSO,0.0004105790012245908,0.0022482348878216916,0.5817423775101382,306,rmsprop,step,-0.7522,PSO,1
11,-0.781,651.1060326099396,PSO,0.00027418017781061135,2.452831682953421e-05,0.5018432346239339,114,adamw,cosine,-0.781,PSO,1
12,-0.4566,727.8641331195831,PSO,0.006961999967037368,0.002671520775369174,0.8353828024970914,455,rmsprop,step,-0.781,PSO,1
13,-0.7584,798.810480594635,PSO,0.00034258915433631464,0.002610432700622669,0.5908399515429832,100,adam,step,-0.781,PSO,1
14,-0.5152,859.0515358448029,PSO,0.11037333515474974,0.001688289213191311,0.9167168706767844,57,adamw,step,-0.781,PSO,1
15,-0.7682,932.3098039627075,PSO,0.00018937588977985733,2.2608919732488297e-06,0.7711092166300695,99,adamw,cosine,-0.781,PSO,1
16,-0.7864,991.348696231842,PSO,0.0002805132622811944,0.00010277994476310487,0.5271077608468236,116,adamw,cosine,-0.7864,PSO,1
17,-0.7392,1054.4511415958405,PSO,0.0020152059042865484,1.714288215394706e-06,0.7941181549331924,65,adam,cosine,-0.7864,PSO,1
18,-0.7602,1116.3778200149536,PSO,0.00022501740693588136,4.465907700422257e-06,0.768005602682672,142,adam,cosine,-0.7864,PSO,1
19,-0.729,1183.3890070915222,PSO,0.00011040604074268353,0.0013211685859820168,0.5992330978064171,44,rmsprop,step,-0.7864,PSO,1
20,-0.7704,1245.589396238327,PSO,0.00015556062060114774,0.0009150263090886102,0.7131494482840696,57,adamw,cosine,-0.7864,PSO,1
21,-0.726,1316.788791179657,PSO,0.0002837344513513926,0.00021039174528393782,0.5397400239582686,117,rmsprop,cosine,-0.7864,PSO,1
22,-0.8102,1384.3335292339325,PSO,0.0004153867554798644,9.238484092565523e-06,0.9251664633296871,39,adamw,cosine,-0.8102,PSO,1
23,-0.7554,1460.595415353775,PSO,0.0002396703497966981,1.0267494274863623e-05,0.8209078196614386,139,adamw,cosine,-0.8102,PSO,1
24,-0.7402,1529.9314279556274,PSO,0.0534251985900751,1.0237693550429302e-05,0.8471606189675702,112,sgd,cosine,-0.8102,PSO,1
25,-0.7898,1591.3905766010284,PSO,0.0002466281206608472,5.932086883517831e-05,0.9518715113362486,70,adamw,cosine,-0.8102,PSO,1
26,-0.791,1648.6037278175354,PSO,0.00032047205763498536,6.106315018815613e-06,0.7008768710767966,111,adamw,cosine,-0.8102,PSO,1
27,-0.665,1737.286392211914,PSO,0.0001885902577571867,2.1446634634456814e-05,0.7456906175279345,488,adamw,cosine,-0.8102,PSO,1
28,-0.715,1816.540822982788,PSO,0.0002502082241527858,5.483478085864108e-06,0.9176672473190777,369,adam,cosine,-0.8102,PSO,1
29,-0.2288,1876.2848258018494,PSO,0.00918034581119704,0.008436232934034326,0.7388805306560795,66,rmsprop,cosine,-0.8102,PSO,1
30,-0.8092,1938.917094707489,PSO,0.0005653677012241526,5.810882003215262e-06,0.792349786171325,53,adamw,cosine,-0.8102,PSO,1
31,-0.7444,2005.465739250183,PSO,0.0003663850891634017,1.5313049612069799e-06,0.596190758413808,369,adamw,cosine,-0.8102,PSO,1
32,-0.7734,2081.0422644615173,PSO,0.0003855536497810457,7.58854497835412e-06,0.8295151237822083,212,adamw,cosine,-0.8102,PSO,1
33,-0.7062,2159.9521329402924,PSO,0.0002648937254359288,4.258739664270465e-06,0.7949566311329673,475,adamw,cosine,-0.8102,PSO,1
34,-0.735,2227.9470484256744,PSO,0.0024668048362045674,2.7421078063726992e-05,0.5496957914344784,38,adam,cosine,-0.8102,PSO,1
35,-0.7298,2316.7375552654266,PSO,0.0005545367554214793,1.8582626972935396e-06,0.8554090866327955,494,adamw,cosine,-0.8102,PSO,1
36,-0.7458,2383.8123178482056,PSO,0.00040882129366115157,1.1688694957837436e-05,0.9046609471558034,361,adamw,cosine,-0.8102,PSO,1
37,-0.7422,2466.1142172813416,PSO,0.0006034640965804779,4.765945246725438e-06,0.5460631971216252,327,adamw,cosine,-0.8102,PSO,1
38,-0.738,2545.846498966217,PSO,0.0004744212094480446,1.088600513588356e-05,0.834922213588592,352,adam,cosine,-0.8102,PSO,1
39,-0.3766,2609.81778550148,PSO,0.02667369993091651,0.006049234237724094,0.798460741440006,42,adam,cosine,-0.8102,PSO,1
40,-0.8126,2681.193069458008,PSO,0.0003910612648613601,9.764063037302635e-06,0.8796944696050991,33,adamw,cosine,-0.8126,PSO,1
41,-0.8,2744.541229724884,PSO,0.00034935373900500465,1.257735354798567e-05,0.8845493224151956,62,adamw,cosine,-0.8126,PSO,1
42,-0.815,2805.075321674347,PSO,0.0004130266190069869,9.484029293284067e-06,0.5652767998561441,60,adamw,cosine,-0.815,PSO,1
43,-0.7514,2882.728714942932,PSO,0.00021969491756669828,8.931021194474935e-06,0.894343062182698,173,adamw,cosine,-0.815,PSO,1
44,-0.4614,2939.6666045188904,PSO,0.05055075713202547,0.0015783465467708434,0.7171253666874216,72,adam,cosine,-0.815,PSO,1
45,-0.7802,3017.8721907138824,PSO,0.00032839915610448605,2.2381660685739548e-05,0.8918371610912509,137,adamw,cosine,-0.815,PSO,1
46,-0.7868,3078.587145805359,PSO,0.0003478237939929048,9.571112722772652e-06,0.9117769946921731,101,adamw,cosine,-0.815,PSO,1
47,-0.797,3137.1581284999847,PSO,0.0003416971410152223,1.3378727428571194e-05,0.5748836012234035,103,adamw,cosine,-0.815,PSO,1
48,-0.7168,3216.106605529785,PSO,0.00021771049335790623,5.162531454418006e-06,0.656240401513472,293,adamw,cosine,-0.815,PSO,1
49,-0.7288,3292.435768842697,PSO,0.0018512469514596693,0.0005110083905138533,0.8687530376776518,148,adamw,cosine,-0.815,PSO,1
50,-0.7722,3356.027228116989,PSO,0.0005146631249492063,2.075152439864484e-05,0.6065754733520102,214,adamw,cosine,-0.815,PSO,1
51,-0.7422,3421.9906566143036,PSO,0.0003485491381910738,1.118728289572438e-05,0.6983546117193474,286,adamw,cosine,-0.815,PSO,1
52,-0.7404,3500.90526676178,PSO,0.00041597491452339364,9.19686053131049e-06,0.8044387516429502,421,adamw,cosine,-0.815,PSO,1
53,-0.7722,3564.6954658031464,PSO,0.00039870846536412837,4.473192622063338e-06,0.5949759482542534,180,adamw,cosine,-0.815,PSO,1
54,-0.7904,3622.579836368561,PSO,0.01807786268102958,3.3510576281418988e-06,0.8201385816573805,90,sgd,cosine,-0.815,PSO,1
55,-0.8074,3696.194761991501,PSO,0.00041330496108452097,4.942438375688458e-06,0.7228636941916667,80,adamw,cosine,-0.815,PSO,1
56,-0.8098,3764.8795619010925,PSO,0.0003946430387160645,1.3725524689252657e-05,0.8205347308200394,41,adamw,cosine,-0.815,PSO,1
57,-0.8104,3828.5617892742157,PSO,0.0004528295862614111,7.894050850732939e-06,0.5707826266285893,49,adamw,cosine,-0.815,PSO,1
58,-0.8134,3899.274710893631,PSO,0.0005480317521980524,4.678913409151043e-06,0.5579146548933415,34,adamw,cosine,-0.815,PSO,1
59,-0.8142,3964.1868505477905,PSO,0.0006250753327650292,5.987082636957523e-05,0.9831239721536411,46,adamw,cosine,-0.815,PSO,1
60,-0.792,4036.332482814789,PSO,0.0003698605098734912,6.66242291254744e-06,0.9075326253234932,102,adamw,cosine,-0.815,PSO,1
0,-0.5464,64.57839131355286,HDGPSO,0.007820109555568514,0.006336578001821525,0.5706382102326205,445,adam,step,-0.5464,HDGPSO,1
0,-0.1,77.04774785041809,HDGPSO,0.11525162754136092,4.333078385228662e-05,0.7693009069597991,35,rmsprop,step,-0.5464,HDGPSO,1
0,-0.5108,133.14188981056213,HDGPSO,0.0016583176718147,0.0014246717533063075,0.648565466352906,113,sgd,step,-0.5464,HDGPSO,1
0,-0.7594,194.8316831588745,HDGPSO,0.0005656852208754239,1.1200911395398854e-05,0.8676786895887257,70,adam,none,-0.7594,HDGPSO,1
0,-0.5306,256.8796544075012,HDGPSO,0.3606958236397906,0.0007927929200841651,0.7652011592182428,69,sgd,none,-0.7594,HDGPSO,1
1,-0.2732,320.72752928733826,HDGPSO,0.007820109555568514,0.006336578001821525,0.5706382102326205,196,adam,none,-0.7594,HDGPSO,1
1,-0.1,334.17595982551575,HDGPSO,0.11525162754136092,4.333078385228662e-05,0.5,35,rmsprop,step,-0.7594,HDGPSO,1
1,-0.5908,389.7989044189453,HDGPSO,0.0016583176718147,0.0014246717533063075,0.6493404363357618,113,sgd,none,-0.7594,HDGPSO,1
1,-0.6976,466.1756670475006,HDGPSO,0.0005656852208754239,0.00022853491675282179,0.6136505477713012,153,adam,none,-0.7594,HDGPSO,1
1,-0.0974,538.3720316886902,HDGPSO,0.3606958236397906,0.0007927929200841651,0.7652011592182428,32,adam,none,-0.7594,HDGPSO,1
1,-0.4286,614.7977957725525,HDGPSO,0.0008480341414926488,0.00046062855089707257,0.6745267073384857,131,sgd,step,-0.7594,HDGPSO,1
1,-0.6706,678.1605956554413,HDGPSO,0.0012098491394944963,0.00013963383487783563,0.892662989433695,121,adamw,step,-0.7594,HDGPSO,1
1,-0.4826,748.9559774398804,HDGPSO,0.011125904840728904,0.0008976373250850949,0.7938935585153662,32,adam,none,-0.7594,HDGPSO,1
1,-0.4546,825.8953268527985,HDGPSO,0.0018768358101171282,0.0034978883685394943,0.6519081998914634,512,sgd,none,-0.7594,HDGPSO,1
1,-0.5698,902.8368937969208,HDGPSO,0.0019528668504923674,0.001484583162863613,0.6335147015215528,512,adam,step,-0.7594,HDGPSO,1
1,-0.2054,967.6070551872253,HDGPSO,0.010809696263022318,0.0008237369661022138,0.9063065009256204,51,rmsprop,none,-0.7594,HDGPSO,1
1,-0.7712,1024.8131730556488,HDGPSO,0.0004219154574854888,6.111600920381531e-05,0.8914692988509204,113,adam,none,-0.7712,HDGPSO,1
1,-0.2566,1083.4300472736359,HDGPSO,0.00010000000000000009,4.571542614133475e-05,0.6268799558000693,236,sgd,none,-0.7712,HDGPSO,1
1,-0.7654,1155.301855802536,HDGPSO,0.00019828954000505845,1.0000000000000004e-06,0.99,32,adamw,none,-0.7712,HDGPSO,1
1,-0.7644,1212.4120013713837,HDGPSO,0.0006276093790802562,1.0000000000000004e-06,0.659681105827578,110,adamw,none,-0.7712,HDGPSO,1
2,-0.6818,1274.7193412780762,HDGPSO,0.010809696263022318,0.0008237369661022138,0.9063065009256204,61,adamw,none,-0.7712,HDGPSO,1
2,-0.3614,1358.7788429260254,HDGPSO,0.006251347582017325,0.010000000000000004,0.8914692988509204,252,adam,none,-0.7712,HDGPSO,1
2,-0.5244,1416.702229976654,HDGPSO,0.00010000000000000009,0.010000000000000004,0.99,236,sgd,none,-0.7712,HDGPSO,1
2,-0.6888,1492.5273373126984,HDGPSO,0.00019828954000505845,0.0013007840576333034,0.8652283788289135,207,adamw,none,-0.7712,HDGPSO,1
2,-0.6036,1548.9919815063477,HDGPSO,0.0006276093790802562,0.0006176402845230532,0.659681105827578,110,rmsprop,none,-0.7712,HDGPSO,1
2,-0.6994,1613.563533782959,HDGPSO,0.0011926451516614434,1.0000000000000004e-06,0.6887517507934899,46,rmsprop,none,-0.7712,HDGPSO,1
2,-0.696,1670.9287693500519,HDGPSO,0.0014369535954717552,2.091688835804778e-05,0.7085383430681026,109,adam,none,-0.7712,HDGPSO,1
2,-0.7144,1735.3911616802216,HDGPSO,0.001116589677764142,9.889709818622174e-06,0.9703616335837336,125,adam,none,-0.7712,HDGPSO,1
2,-0.7504,1806.464332818985,HDGPSO,0.00010000000000000009,1.50757070287832e-06,0.718336076249412,32,adamw,none,-0.7712,HDGPSO,1
2,-0.7102,1864.908926486969,HDGPSO,0.0002326448783444917,0.00010937266043253846,0.7683051675600518,97,adam,none,-0.7712,HDGPSO,1
2,-0.1,1876.8302524089813,HDGPSO,0.00399564645422532,0.0001051616735198089,0.99,65,rmsprop,none,-0.7712,HDGPSO,1
2,-0.6792,1934.467453956604,HDGPSO,0.00010000000000000009,0.00013664301968147662,0.99,116,adam,none,-0.7712,HDGPSO,1
2,-0.6016,2014.3711197376251,HDGPSO,0.00010000000000000009,3.095939716950807e-05,0.8167427773565349,356,adam,none,-0.7712,HDGPSO,1
2,-0.7498,2085.04247546196,HDGPSO,0.0011663122697305552,1.0000000000000004e-06,0.99,32,adamw,none,-0.7712,HDGPSO,1
2,-0.7526,2148.4474036693573,HDGPSO,0.00019165249345997484,1.0000000000000004e-06,0.8646419714836765,47,adamw,none,-0.7712,HDGPSO,1
3,-0.6586,2206.2255935668945,HDGPSO,0.0004464961912024645,2.5823717215971644e-06,0.8252769484677618,107,rmsprop,none,-0.7712,HDGPSO,1
3,-0.6072,2265.8188138008118,HDGPSO,0.0008909192880502486,0.002473424996692556,0.964830927152797,86,adam,none,-0.7712,HDGPSO,1
3,-0.775,2328.27273273468,HDGPSO,0.0004349178204583582,9.54740182534169e-06,0.8148727840542672,58,adam,none,-0.775,HDGPSO,1
3,-0.7584,2399.9151995182037,HDGPSO,0.0002939671871775017,1.0000000000000004e-06,0.99,32,adamw,none,-0.775,HDGPSO,1
3,-0.753,2470.937962293625,HDGPSO,0.0004286322334734938,1.0000000000000004e-06,0.9293954695268437,32,adamw,none,-0.775,HDGPSO,1
3,-0.7574,2538.8042645454407,HDGPSO,0.0004358604073603786,2.2527305011855913e-06,0.9509789667038464,36,adamw,none,-0.775,HDGPSO,1
3,-0.762,2613.499498605728,HDGPSO,0.0004589530823739736,1.0000000000000004e-06,0.5100736514007712,32,adamw,none,-0.775,HDGPSO,1
3,-0.7574,2678.7646214962006,HDGPSO,0.00037891858137187605,1.0000000000000004e-06,0.90798251578651,63,adam,step,-0.775,HDGPSO,1
3,-0.7754,2743.6462240219116,HDGPSO,0.00032530307529985266,1.008465278326754e-06,0.8912670380105655,46,adamw,none,-0.7754,HDGPSO,1
3,-0.7584,2803.883192539215,HDGPSO,0.00023765114934717356,5.511908739520997e-06,0.9729903009459987,80,adamw,none,-0.7754,HDGPSO,1
3,-0.7454,2869.6342675685883,HDGPSO,0.00026868169031054456,4.070509017270511e-06,0.989578080732213,45,adamw,none,-0.7754,HDGPSO,1
3,-0.7188,2926.543076992035,HDGPSO,0.00016605108124529306,1.1434090697472088e-05,0.99,117,adam,none,-0.7754,HDGPSO,1
3,-0.7474,2986.706789970398,HDGPSO,0.00029298896128765125,7.968571843800425e-06,0.835249454997556,84,adamw,none,-0.7754,HDGPSO,1
3,-0.7604,3053.5772109031677,HDGPSO,0.00035174482873031503,1.670901905185669e-06,0.99,44,adamw,none,-0.7754,HDGPSO,1
3,-0.7656,3117.0609385967255,HDGPSO,0.000750045987401492,1.0000000000000004e-06,0.6540767862049188,48,adamw,none,-0.7754,HDGPSO,1
4,-0.7788,3190.3624641895294,HDGPSO,0.0003017741679637411,7.526654430175411e-06,0.99,33,adamw,none,-0.7788,HDGPSO,1
4,-0.7702,3251.606945991516,HDGPSO,0.00027370233386994007,8.758372368312222e-06,0.99,83,adamw,none,-0.7788,HDGPSO,1
4,-0.7042,3315.0371334552765,HDGPSO,0.00028907528391786504,4.0483397333813985e-06,0.9697271971873935,53,adamw,none,-0.7788,HDGPSO,1
4,-0.757,3371.9692676067352,HDGPSO,0.0003151401445319992,1.7304889260292802e-05,0.9802928658241974,110,adam,none,-0.7788,HDGPSO,1
4,-0.7424,3444.1621634960175,HDGPSO,0.000501252445209264,1.0000000000000004e-06,0.99,32,adamw,none,-0.7788,HDGPSO,1
4,-0.7492,3515.4629232883453,HDGPSO,0.0006438789876373204,4.853236432347309e-06,0.9583876592411148,32,adamw,none,-0.7788,HDGPSO,1
4,-0.7532,3578.7548282146454,HDGPSO,0.000466230139565328,4.513317685647809e-06,0.9721377994956973,64,adamw,none,-0.7788,HDGPSO,1
4,-0.7574,3638.8880183696747,HDGPSO,0.00021830366711707384,4.683683710822697e-06,0.99,76,adamw,none,-0.7788,HDGPSO,1
4,-0.7566,3710.4970383644104,HDGPSO,0.00043183615783613994,1.0000000000000004e-06,0.7141376714346549,34,adamw,none,-0.7788,HDGPSO,1
4,-0.7478,3778.0530438423157,HDGPSO,0.00045144228728600996,1.7166858963076304e-05,0.8176699077517299,42,adamw,none,-0.7788,HDGPSO,1
0,-0.1,11.609236001968384,SMAC,97,0.2694932348912,0.9319201600831,rmsprop,cosine,0.0008651042909,-0.1,SMAC,1
1,-0.67,75.39637351036072,SMAC,148,0.0001589000574,0.6270779751427,adam,none,5.22454246e-05,-0.67,SMAC,1
2,-0.4248,153.5267322063446,SMAC,480,0.0114525474966,0.8544418352377,adamw,step,7.6126019e-06,-0.67,SMAC,1
3,-0.729,218.39338874816895,SMAC,39,0.0040131126787,0.5515467158891,sgd,cosine,0.0053095932979,-0.729,SMAC,1
4,-0.761,280.73116397857666,SMAC,47,0.0218928175194,0.7240851124469,sgd,step,0.0001888134049,-0.761,SMAC,1
5,-0.7456,345.80722975730896,SMAC,56,0.0252251613831,0.6893985473411,sgd,step,0.0006134910058,-0.761,SMAC,1
6,-0.7542,405.891991853714,SMAC,58,0.0270418707011,0.6857770388298,sgd,step,0.0006919922475,-0.761,SMAC,1
7,-0.6626,468.70314931869507,SMAC,50,0.004213099382,0.5105433272559,sgd,none,0.0001609409298,-0.761,SMAC,1
8,-0.7612,531.4519190788269,SMAC,47,0.0200248222724,0.6915439857646,sgd,step,0.0009952849147,-0.7612,SMAC,1
9,-0.6608,609.1468884944916,SMAC,219,0.0010525612651,0.988315262411,adam,step,2.3415712e-06,-0.7612,SMAC,1
10,-0.5726,683.7385814189911,SMAC,149,0.0264338760444,0.8558696906838,adam,cosine,0.0022393276939,-0.7612,SMAC,1
11,-0.4376,746.7079100608826,SMAC,185,0.024860103433,0.676223528015,adamw,step,2.38906429e-05,-0.7612,SMAC,1
12,-0.7586,807.8796575069427,SMAC,61,0.020663087907,0.6786628053465,sgd,step,0.0009414763591,-0.7612,SMAC,1
13,-0.7948,877.6104388237,SMAC,40,0.0175307695412,0.7068548022044,sgd,cosine,0.0012406594351,-0.7948,SMAC,1
14,-0.8022,939.325498342514,SMAC,48,0.0176334293092,0.7070646505956,sgd,cosine,0.0007374459367,-0.8022,SMAC,1
15,-0.7892,1006.9473795890808,SMAC,37,0.0106927491474,0.7072370665009,sgd,cosine,0.0007920859822,-0.8022,SMAC,1
16,-0.8046,1068.5486392974854,SMAC,48,0.0205419287841,0.7069730172628,sgd,cosine,0.0009693613901,-0.8046,SMAC,1
17,-0.7968,1132.513526916504,SMAC,43,0.0114032020457,0.7068243856497,sgd,cosine,0.0005373345874,-0.8046,SMAC,1
18,-0.7618,1200.882907629013,SMAC,34,0.0103608291837,0.7433289372634,sgd,step,0.0008456964612,-0.8046,SMAC,1
19,-0.5382,1280.2255837917328,SMAC,413,0.0088864156559,0.7723210941127,adamw,none,0.0004128679735,-0.8046,SMAC,1
20,-0.7672,1345.2350142002106,SMAC,36,0.0154231637211,0.7562293081293,sgd,step,0.000562536768,-0.8046,SMAC,1
21,-0.5756,1410.8476989269257,SMAC,48,0.4496096782355,0.518428262141,sgd,cosine,0.0008568690582,-0.8046,SMAC,1
22,-0.7534,1472.3796620368958,SMAC,48,0.056356889984,0.5191599958805,sgd,cosine,0.0019541239908,-0.8046,SMAC,1
23,-0.4696,1551.5247464179993,SMAC,366,0.0009321530592,0.8864587002686,sgd,cosine,4.72980198e-05,-0.8046,SMAC,1
24,-0.5848,1630.0063872337341,SMAC,422,0.0037632409032,0.6217337228794,adamw,cosine,5.6275294e-06,-0.8046,SMAC,1
25,-0.7244,1690.2266986370087,SMAC,48,0.1813930262074,0.5283047253436,sgd,cosine,0.0016539249522,-0.8046,SMAC,1
26,-0.766,1751.0551121234894,SMAC,48,0.0670081244128,0.5138258906701,sgd,cosine,0.0015310363088,-0.8046,SMAC,1
27,-0.7324,1812.00638961792,SMAC,48,0.125899194278,0.8093769187945,sgd,cosine,0.0035612864421,-0.8046,SMAC,1
28,-0.6868,1873.1070930957794,SMAC,48,0.0571064049751,0.9473477542259,sgd,cosine,0.0077580753586,-0.8046,SMAC,1
29,-0.7994,1940.0194001197815,SMAC,48,0.0204463699912,0.7069309459785,sgd,cosine,0.0008609985252,-0.8046,SMAC,1
30,-0.8044,2002.126841545105,SMAC,48,0.0205293957816,0.7069955470792,sgd,cosine,0.0008898958935,-0.8046,SMAC,1
31,-0.1,2014.5988535881042,SMAC,129,0.0827983106462,0.884542339354,rmsprop,cosine,1.4742249e-06,-0.8046,SMAC,1
32,-0.7092,2085.3275923728943,SMAC,37,0.0127726702147,0.7247738850564,adam,cosine,4.9407074e-06,-0.8046,SMAC,1
33,-0.5174,2153.3929340839386,SMAC,162,0.0045846592048,0.514758443162,rmsprop,none,0.000125024168,-0.8046,SMAC,1
34,-0.81,2216.236923456192,SMAC,48,0.0205067773849,0.7027026813215,sgd,cosine,0.0008497678989,-0.81,SMAC,1
35,-0.5636,2279.5077867507935,SMAC,129,0.1598079296062,0.5429775310395,sgd,cosine,0.0002522032678,-0.81,SMAC,1
36,-0.8096,2339.8961708545685,SMAC,48,0.0203714837213,0.7024387287843,sgd,cosine,0.0008939404455,-0.81,SMAC,1
37,-0.6764,2409.478747844696,SMAC,48,0.0204463699912,0.7038090065854,adamw,cosine,0.000914005815,-0.81,SMAC,1
38,-0.6634,2474.38929438591,SMAC,48,0.0203714837213,0.7044044160497,adamw,cosine,0.00091378551,-0.81,SMAC,1
39,-0.4736,2535.343842983246,SMAC,48,0.0205067773849,0.7027026813215,rmsprop,cosine,0.0005508172258,-0.81,SMAC,1
40,-0.6622,2597.6448831558228,SMAC,48,0.0203718475835,0.7043905990028,adamw,cosine,0.0005955139051,-0.81,SMAC,1
41,-0.3298,2658.582896232605,SMAC,48,0.0205760344427,0.704008414247,rmsprop,cosine,0.0009077396859,-0.81,SMAC,1
42,-0.69,2720.693665266037,SMAC,48,0.020219955604,0.7030228899055,adamw,cosine,0.0001010288636,-0.81,SMAC,1
43,-0.101,2799.4865827560425,SMAC,346,0.2365038994284,0.5334749345856,adam,none,0.0022064366838,-0.81,SMAC,1
44,-0.6818,2863.008781194687,SMAC,48,0.0193518827666,0.702869507499,adamw,cosine,0.0009018294111,-0.81,SMAC,1
45,-0.7994,2930.2685577869415,SMAC,48,0.0204886408876,0.7030412788877,sgd,cosine,0.0008709355114,-0.81,SMAC,1
46,-0.8012,2992.1494607925415,SMAC,48,0.0204856451896,0.7044582727244,sgd,cosine,0.0009035397345,-0.81,SMAC,1
47,-0.8028,3054.0716767311096,SMAC,48,0.0203115380686,0.7045146146674,sgd,cosine,0.0009185802547,-0.81,SMAC,1
48,-0.8032,3115.8969869613647,SMAC,48,0.0203408805279,0.7043358226233,sgd,cosine,0.000909210784,-0.81,SMAC,1
49,-0.7942,3179.7431614398956,SMAC,51,0.0001910204251,0.6203004426222,adamw,cosine,0.0004017291299,-0.81,SMAC,1
50,-0.8064,3241.025932073593,SMAC,48,0.0203863874993,0.7041443719704,sgd,cosine,0.0009192074407,-0.81,SMAC,1
51,-0.7994,3302.648243665695,SMAC,48,0.0203739337373,0.7028022529783,sgd,cosine,0.000900309861,-0.81,SMAC,1
52,-0.8042,3363.9576597213745,SMAC,48,0.0195445891464,0.7030299167801,sgd,cosine,0.0008550963208,-0.81,SMAC,1
53,-0.801,3430.605301618576,SMAC,48,0.0205191773604,0.7025784146567,sgd,cosine,0.0008494378048,-0.81,SMAC,1
54,-0.4876,3498.141778945923,SMAC,276,0.0108214204365,0.7628121201413,adam,none,0.0001425983002,-0.81,SMAC,1
55,-0.118,3557.944263458252,SMAC,57,0.1505402317561,0.8603038850477,adam,none,0.0004741469631,-0.81,SMAC,1
56,-0.7986,3619.5526626110077,SMAC,48,0.0205419287841,0.7024402869365,sgd,cosine,0.0008485980146,-0.81,SMAC,1
57,-0.8032,3681.3987743854523,SMAC,48,0.0204681072724,0.7026030505945,sgd,cosine,0.0008505791667,-0.81,SMAC,1
58,-0.7938,3742.45903468132,SMAC,48,0.0204896258574,0.7011594613058,sgd,cosine,0.0008478641266,-0.81,SMAC,1
59,-0.8014,3803.5881972312927,SMAC,48,0.0204856451896,0.7013178012496,sgd,cosine,0.0008500833378,-0.81,SMAC,1
1,-0.3332,70.2688901424408,GridSearch,0.00010000000000000009,1.0000000000000004e-06,0.5,32,sgd,cosine,-0.3332,GridSearch,2
2,-0.2912,140.11759042739868,GridSearch,0.00010000000000000009,1.0000000000000004e-06,0.5,32,sgd,step,-0.3332,GridSearch,2
3,-0.3978,209.43450450897217,GridSearch,0.00010000000000000009,1.0000000000000004e-06,0.5,32,sgd,none,-0.3978,GridSearch,2
4,-0.7614,282.00703859329224,GridSearch,0.00010000000000000009,1.0000000000000004e-06,0.5,32,adam,cosine,-0.7614,GridSearch,2
5,-0.7452,354.7684020996094,GridSearch,0.00010000000000000009,1.0000000000000004e-06,0.5,32,adam,step,-0.7614,GridSearch,2
6,-0.7642,428.00576066970825,GridSearch,0.00010000000000000009,1.0000000000000004e-06,0.5,32,adam,none,-0.7642,GridSearch,2
7,-0.7692,500.617023229599,GridSearch,0.00010000000000000009,1.0000000000000004e-06,0.5,32,adamw,cosine,-0.7692,GridSearch,2
8,-0.743,572.38028383255,GridSearch,0.00010000000000000009,1.0000000000000004e-06,0.5,32,adamw,step,-0.7692,GridSearch,2
9,-0.7426,644.6081082820892,GridSearch,0.00010000000000000009,1.0000000000000004e-06,0.5,32,adamw,none,-0.7692,GridSearch,2
10,-0.7936,717.301812171936,GridSearch,0.00010000000000000009,1.0000000000000004e-06,0.5,32,rmsprop,cosine,-0.7936,GridSearch,2
11,-0.7542,790.468414068222,GridSearch,0.00010000000000000009,1.0000000000000004e-06,0.5,32,rmsprop,step,-0.7936,GridSearch,2
12,-0.742,863.0452828407288,GridSearch,0.00010000000000000009,1.0000000000000004e-06,0.5,32,rmsprop,none,-0.7936,GridSearch,2
1,-0.7482,69.26213359832764,RandomSearch,0.0009283151483108409,1.563020138495464e-05,0.8989706128911974,41,adamw,none,-0.7482,RandomSearch,2
2,-0.7814,134.7639389038086,RandomSearch,0.0004954963209043007,1.6618296731253214e-06,0.6347349902739586,198,adamw,cosine,-0.7814,RandomSearch,2
3,-0.5294,199.88710141181946,RandomSearch,0.003983715525159516,0.0004755423441760446,0.7071644899023626,185,rmsprop,none,-0.7814,RandomSearch,2
4,-0.5588,264.43823885917664,RandomSearch,0.0028093672186792675,5.610612550712951e-06,0.6695207261301492,132,rmsprop,none,-0.7814,RandomSearch,2
5,-0.4808,323.9302809238434,RandomSearch,0.0015025008717691095,0.004975853508419416,0.7307458438537212,219,sgd,cosine,-0.7814,RandomSearch,2
6,-0.7132,404.52199721336365,RandomSearch,0.0005582768148774898,0.003449837945324478,0.833107616127446,338,adamw,step,-0.7814,RandomSearch,2
7,-0.5178,461.7867257595062,RandomSearch,0.008143427700780624,0.00023646892171893768,0.9224378126047378,108,rmsprop,step,-0.7814,RandomSearch,2
8,-0.463,535.4626886844635,RandomSearch,0.11688625179118275,9.822549354915536e-05,0.839333884596687,82,adamw,cosine,-0.7814,RandomSearch,2
9,-0.5894,593.3930902481079,RandomSearch,0.00023577600417281605,1.4269755098098508e-06,0.8439552434291349,114,rmsprop,none,-0.7814,RandomSearch,2
10,-0.7018,660.682094335556,RandomSearch,0.0026573903357936333,0.007847206455909866,0.7901103854283986,268,adam,cosine,-0.7814,RandomSearch,2
11,-0.606,724.2307603359222,RandomSearch,0.0004319147407040922,5.306704499941674e-06,0.7958647034585948,44,sgd,none,-0.7814,RandomSearch,2
12,-0.7124,798.9333071708679,RandomSearch,0.00023319473634333024,6.34363435160162e-05,0.739364300811145,179,adamw,none,-0.7814,RandomSearch,2
13,-0.1,811.1540307998657,RandomSearch,0.05966154475414971,0.00019854821707308124,0.8024633469855889,130,rmsprop,cosine,-0.7814,RandomSearch,2
14,-0.3494,870.2080776691437,RandomSearch,0.035374532779472605,0.00016610653373572859,0.5205857766436561,73,rmsprop,none,-0.7814,RandomSearch,2
15,-0.1632,936.8607869148254,RandomSearch,0.0001115480108096117,1.5364036090082034e-05,0.5048046210328163,318,sgd,cosine,-0.7814,RandomSearch,2
16,-0.1,951.2323365211487,RandomSearch,0.4285061251917897,6.074066154775453e-05,0.6560125695412012,37,adam,step,-0.7814,RandomSearch,2
17,-0.7044,1015.3116517066956,RandomSearch,0.008636538887811199,1.06449068622535e-06,0.5725018113422071,57,adam,cosine,-0.7814,RandomSearch,2
18,-0.754,1093.7449979782104,RandomSearch,0.018564389772688393,1.3858953006847483e-05,0.9457201749413657,462,sgd,cosine,-0.7814,RandomSearch,2
19,-0.4022,1156.5504395961761,RandomSearch,0.012094999830436307,0.0012095976041082907,0.5313718733489468,53,adam,none,-0.7814,RandomSearch,2
20,-0.1,1168.5796835422516,RandomSearch,0.21947391262674026,0.002936918224250189,0.8889401535549463,37,rmsprop,step,-0.7814,RandomSearch,2
21,-0.747,1227.3261930942535,RandomSearch,0.00020822833060086537,1.046441853944725e-05,0.8041695014374826,93,adam,none,-0.7814,RandomSearch,2
22,-0.1,1238.6849493980408,RandomSearch,0.11170326518214746,0.00015386786250763727,0.8883010409866778,99,rmsprop,step,-0.7814,RandomSearch,2
23,-0.1,1264.2501516342163,RandomSearch,0.37973953234215463,1.4995148403402767e-06,0.9325193998929231,151,adamw,cosine,-0.7814,RandomSearch,2
24,-0.3906,1335.6659851074219,RandomSearch,0.010705154546455832,1.4358586753199178e-05,0.5516854336646864,32,rmsprop,none,-0.7814,RandomSearch,2
25,-0.4174,1414.8194954395294,RandomSearch,0.0005732832272738189,1.0746689725119116e-05,0.7281412126456568,310,sgd,none,-0.7814,RandomSearch,2
26,-0.1,1426.7665746212006,RandomSearch,0.3100970336028037,9.52007528413537e-06,0.8139831111559461,87,adamw,cosine,-0.7814,RandomSearch,2
27,-0.5062,1488.3342714309692,RandomSearch,0.005475070224965774,0.00022592444015302252,0.8069731106030946,219,rmsprop,cosine,-0.7814,RandomSearch,2
28,-0.6604,1566.377700328827,RandomSearch,0.00036868985252084174,3.651133803274186e-05,0.7787257923676678,460,adamw,none,-0.7814,RandomSearch,2
29,-0.1,1577.6327707767487,RandomSearch,0.39632475949697205,1.1775318180972368e-05,0.6271361965076802,103,adam,step,-0.7814,RandomSearch,2
30,-0.1,1603.6210389137268,RandomSearch,0.3314066706830862,4.111932436751843e-06,0.753794364287866,210,adam,none,-0.7814,RandomSearch,2
31,-0.6658,1663.392852306366,RandomSearch,0.05318186303622636,0.003378369770931211,0.5547648441783625,55,sgd,none,-0.7814,RandomSearch,2
32,-0.1,1691.1388483047485,RandomSearch,0.3642816958028732,1.1375332086374265e-06,0.8867342854970721,241,rmsprop,cosine,-0.7814,RandomSearch,2
33,-0.6864,1771.9264261722565,RandomSearch,0.04404933545558859,8.906181181297613e-06,0.5372562680219357,253,sgd,none,-0.7814,RandomSearch,2
34,-0.721,1835.2476749420166,RandomSearch,0.0011181991409773971,8.906223312730957e-05,0.9368512453969613,63,adam,step,-0.7814,RandomSearch,2
35,-0.7704,1900.8975369930267,RandomSearch,0.0005060730262227451,7.845233485916051e-05,0.5889988602355983,294,adamw,cosine,-0.7814,RandomSearch,2
36,-0.1,1915.4791584014893,RandomSearch,0.3976364506246638,2.4049573442574902e-05,0.828915763987476,245,adam,cosine,-0.7814,RandomSearch,2
37,-0.254,1978.8897199630737,RandomSearch,0.2003361636924404,0.0066936970751486444,0.5834117608748156,49,adam,step,-0.7814,RandomSearch,2
38,-0.1,1991.875344991684,RandomSearch,0.4552155336700082,0.007144707758055487,0.9840478915735251,63,adamw,step,-0.7814,RandomSearch,2
39,-0.456,2051.521964788437,RandomSearch,0.000717711906231349,1.826036620346272e-06,0.5826769031404678,87,sgd,cosine,-0.7814,RandomSearch,2
40,-0.7428,2115.391349554062,RandomSearch,0.0001462731130338448,0.00031018807297782716,0.74143107513439,63,adamw,step,-0.7814,RandomSearch,2
41,-0.695,2191.5224545001984,RandomSearch,0.02742761235252637,0.005378595435828454,0.6731131321720557,192,sgd,none,-0.7814,RandomSearch,2
42,-0.7928,2255.5442864894867,RandomSearch,0.019267526155403447,4.315088928506729e-06,0.6259550198415,50,sgd,cosine,-0.7928,RandomSearch,2
43,-0.3824,2314.517258167267,RandomSearch,0.11079314249625123,6.733412277396491e-05,0.6358132840549091,102,adam,none,-0.7928,RandomSearch,2
44,-0.7896,2378.703331708908,RandomSearch,0.00016497953283909974,1.4352059976223241e-05,0.6583905832005109,53,adamw,cosine,-0.7928,RandomSearch,2
45,-0.7674,2439.2777411937714,RandomSearch,0.0012926217968939854,1.682310860109303e-06,0.8702369622122648,88,adamw,cosine,-0.7928,RandomSearch,2
46,-0.6008,2507.209166288376,RandomSearch,0.00012040326566577045,1.9483753841397206e-05,0.8817412878705366,327,adam,none,-0.7928,RandomSearch,2
47,-0.3564,2565.2262160778046,RandomSearch,0.00015354623311890413,0.00012259087484045193,0.6261369840023595,108,sgd,none,-0.7928,RandomSearch,2
48,-0.4336,2624.560782432556,RandomSearch,0.001311399530264589,0.006041818965866855,0.553454187671004,105,adam,none,-0.7928,RandomSearch,2
49,-0.7488,2685.4095599651337,RandomSearch,0.001888978551764938,9.332110110403044e-05,0.534520039663562,76,adamw,cosine,-0.7928,RandomSearch,2
50,-0.612,2751.4552159309387,RandomSearch,0.0051393190043638156,8.849277584301283e-06,0.581087405066974,45,rmsprop,none,-0.7928,RandomSearch,2
51,-0.4386,2830.74827170372,RandomSearch,0.002532775712365759,3.686071637236604e-05,0.856944162985994,171,rmsprop,none,-0.7928,RandomSearch,2
52,-0.5728,2890.859159708023,RandomSearch,0.006075048683779187,0.0004330529763971581,0.7668871798283895,76,adam,none,-0.7928,RandomSearch,2
53,-0.3394,2967.941321372986,RandomSearch,0.011075279745941708,0.0003385520639581883,0.7386659159065047,450,rmsprop,cosine,-0.7928,RandomSearch,2
54,-0.2438,3027.1719415187836,RandomSearch,0.10265181922543005,0.004680694598739332,0.9001625135451694,83,adam,cosine,-0.7928,RandomSearch,2
55,-0.6756,3095.356198787689,RandomSearch,0.0001607126460086679,7.731172838032556e-05,0.9167352874674148,270,adamw,none,-0.7928,RandomSearch,2
56,-0.1,3106.984391927719,RandomSearch,0.027418421764144312,7.822285463798235e-06,0.8935459876403704,89,rmsprop,cosine,-0.7928,RandomSearch,2
57,-0.6718,3185.8593571186066,RandomSearch,0.00021874722813539958,0.0008309842265401859,0.5527469085387936,358,adam,none,-0.7928,RandomSearch,2
58,-0.7838,3250.64320397377,RandomSearch,0.0001564765059875837,0.00014974455171245417,0.8316780819210442,46,adamw,cosine,-0.7928,RandomSearch,2
59,-0.6226,3314.5282826423645,RandomSearch,0.001331823466187665,2.89161735144185e-05,0.803596831493101,46,sgd,none,-0.7928,RandomSearch,2
60,-0.4714,3388.934010744095,RandomSearch,0.044463384979280374,6.558774181449703e-05,0.6381814774555934,218,adam,cosine,-0.7928,RandomSearch,2
1,-0.8086,64.36700391769409,Bayes,0.00048374117537468937,0.005323085761913024,0.9643879996486603,123,adam,cosine,-0.8086,Bayes,2
2,-0.1,77.28324580192566,Bayes,0.03846556646832565,3.0185763867098546e-06,0.7377361957039339,185,rmsprop,none,-0.8086,Bayes,2
3,-0.6236,140.58181428909302,Bayes,0.0069849421461365925,0.00022242720880179395,0.85267957385491,66,adamw,step,-0.8086,Bayes,2
4,-0.444,200.87168622016907,Bayes,0.00045150318074786976,0.007560136264099333,0.645538994982767,71,sgd,cosine,-0.8086,Bayes,2
5,-0.6074,281.65582251548767,Bayes,0.00673539428744769,0.00018325697645613125,0.608699231836225,269,adamw,cosine,-0.8086,Bayes,2
6,-0.7814,354.06650710105896,Bayes,0.000359855500572364,0.01,0.99,32,adam,step,-0.8086,Bayes,2
7,-0.5202,430.76025223731995,Bayes,0.009614262973194423,9.105819682096119e-06,0.6869194420488522,512,adam,cosine,-0.8086,Bayes,2
8,-0.7798,501.591126203537,Bayes,0.0006565408574634906,0.0027643437434448003,0.9400278455595534,252,adam,cosine,-0.8086,Bayes,2
9,-0.6124,578.0941841602325,Bayes,0.0001,0.0005299095236699463,0.99,512,adamw,cosine,-0.8086,Bayes,2
10,-0.1036,635.9418151378632,Bayes,0.15493253486453826,0.009776387875418346,0.9390229150953211,112,adam,none,-0.8086,Bayes,2
11,-0.3816,709.1161365509033,Bayes,0.0008560888822793567,0.01,0.99,32,rmsprop,cosine,-0.8086,Bayes,2
12,-0.7264,781.3188145160675,Bayes,0.0008444954756276404,0.01,0.99,32,adamw,step,-0.8086,Bayes,2
13,-0.7656,859.3568818569183,Bayes,0.0004105687146191245,1e-06,0.8739493508798333,308,adamw,cosine,-0.8086,Bayes,2
14,-0.3888,927.8819065093994,Bayes,0.49999999999999994,1.6157318141499786e-05,0.9145690653335732,33,sgd,step,-0.8086,Bayes,2
15,-0.8068,987.9474358558655,Bayes,0.000483146940920264,0.01,0.5,108,adam,cosine,-0.8086,Bayes,2
16,-0.296,1066.62011551857,Bayes,0.0001,0.003148271017504672,0.8923673797249013,379,sgd,none,-0.8086,Bayes,2
17,-0.1992,1153.8584487438202,Bayes,0.49999999999999994,1.2962317476370321e-06,0.9440999997943549,498,sgd,none,-0.8086,Bayes,2
18,-0.761,1217.6367900371552,Bayes,0.00020983674389464912,1e-06,0.99,68,adamw,step,-0.8086,Bayes,2
19,-0.8098,1281.084135055542,Bayes,0.0003385470277798893,0.009286665866810272,0.99,57,adam,cosine,-0.8098,Bayes,2
20,-0.3842,1359.799907207489,Bayes,0.0001,0.01,0.99,354,sgd,cosine,-0.8098,Bayes,2
21,-0.1,1373.1222503185272,Bayes,0.49999999999999994,1e-06,0.99,32,adamw,step,-0.8098,Bayes,2
22,-0.8048,1435.0407190322876,Bayes,0.000392847979971177,9.47541787364437e-06,0.99,80,adam,cosine,-0.8098,Bayes,2
23,-0.8184,1498.0469100475311,Bayes,0.0003888314641724248,0.01,0.99,84,adam,cosine,-0.8184,Bayes,2
24,-0.543,1565.564504146576,Bayes,0.00039634414801521903,0.01,0.99,46,adam,none,-0.8184,Bayes,2
25,-0.799,1632.743007183075,Bayes,0.00032638283006433184,0.01,0.99,126,adam,cosine,-0.8184,Bayes,2
26,-0.8148,1702.9847342967987,Bayes,0.0137015654549391,0.01,0.8832479730580747,32,sgd,cosine,-0.8184,Bayes,2
27,-0.6158,1772.1360971927643,Bayes,0.00898156306423897,0.01,0.99,32,sgd,cosine,-0.8184,Bayes,2
28,-0.8184,1842.3666996955872,Bayes,0.016246961061862904,0.01,0.7987379526702323,32,sgd,cosine,-0.8184,Bayes,2
29,-0.7256,1912.29762840271,Bayes,0.015077929103029233,0.01,0.9406781261567851,32,sgd,step,-0.8184,Bayes,2
30,-0.5802,1988.6452825069427,Bayes,0.015127662870714417,1e-06,0.5,512,sgd,cosine,-0.8184,Bayes,2
31,-0.6916,2065.1986260414124,Bayes,0.0016987091777681278,0.01,0.99,512,adam,cosine,-0.8184,Bayes,2
32,-0.7468,2137.9447009563446,Bayes,0.0001,0.01,0.99,32,adam,step,-0.8184,Bayes,2
33,-0.818,2207.672249317169,Bayes,0.02150724564514447,0.01,0.7091191133796686,32,sgd,cosine,-0.8184,Bayes,2
34,-0.8064,2277.750380039215,Bayes,0.01808822813910685,0.01,0.8838512434249151,32,sgd,cosine,-0.8184,Bayes,2
35,-0.8056,2350.8543395996094,Bayes,0.00032706319710320555,0.01,0.5,32,adam,cosine,-0.8184,Bayes,2
36,-0.8154,2421.113025665283,Bayes,0.019425894637359796,0.01,0.5,32,sgd,cosine,-0.8184,Bayes,2
37,-0.821,2490.805832386017,Bayes,0.027440847983712567,0.01,0.5,32,sgd,cosine,-0.821,Bayes,2
38,-0.8122,2564.3582530021667,Bayes,0.00039155061698567376,0.000653871121699927,0.5,32,adam,cosine,-0.821,Bayes,2
39,-0.1,2591.424370765686,Bayes,0.07664262755819153,0.004890905865609008,0.8302617154097107,447,rmsprop,cosine,-0.821,Bayes,2
40,-0.6594,2662.021583557129,Bayes,0.022157188841156118,1.054673976390719e-06,0.99,32,sgd,cosine,-0.821,Bayes,2
41,-0.8208,2732.5281229019165,Bayes,0.024746977350280062,0.01,0.6529561357519725,32,sgd,cosine,-0.821,Bayes,2
42,-0.8264,2802.7028357982635,Bayes,0.025139112261490085,0.01,0.55017310946598,32,sgd,cosine,-0.8264,Bayes,2
43,-0.7452,2875.6054632663727,Bayes,0.0001,1e-06,0.99,32,adam,step,-0.8264,Bayes,2
44,-0.5084,2939.5880286693573,Bayes,0.03657444351442351,0.0027978991444478243,0.6212766813030406,212,adam,step,-0.8264,Bayes,2
45,-0.5226,3006.7436468601227,Bayes,0.004708947206379371,1.232107163690425e-05,0.5050572053284743,274,sgd,cosine,-0.8264,Bayes,2
46,-0.7646,3080.0767312049866,Bayes,0.00014895056335567365,1e-06,0.9897998184268382,32,adam,step,-0.8264,Bayes,2
47,-0.1,3091.827308654785,Bayes,0.1679591018013702,0.0003241418521508294,0.6023911014110374,101,rmsprop,step,-0.8264,Bayes,2
48,-0.811,3157.698643922806,Bayes,0.00037091792745046437,0.01,0.8371655427695097,47,adam,cosine,-0.8264,Bayes,2
49,-0.6386,3230.824369430542,Bayes,0.0011883106015303589,0.01,0.5,32,adam,cosine,-0.8264,Bayes,2
50,-0.6152,3304.5062141418457,Bayes,0.0001,1e-06,0.99,32,rmsprop,step,-0.8264,Bayes,2
51,-0.5736,3381.6954884529114,Bayes,0.003100479976511386,0.01,0.5,512,adamw,none,-0.8264,Bayes,2
52,-0.822,3451.6395506858826,Bayes,0.023930915381836917,0.01,0.5,32,sgd,cosine,-0.8264,Bayes,2
53,-0.8082,3521.512662410736,Bayes,0.01620546295781571,0.01,0.5,32,sgd,cosine,-0.8264,Bayes,2
54,-0.776,3591.1465163230896,Bayes,0.024406760094031574,0.01,0.9124319471799077,32,sgd,cosine,-0.8264,Bayes,2
55,-0.8136,3660.9925498962402,Bayes,0.02285617066187794,0.01,0.5655141718337909,32,sgd,cosine,-0.8264,Bayes,2
56,-0.8212,3730.968004465103,Bayes,0.024231712915488486,0.01,0.5,32,sgd,cosine,-0.8264,Bayes,2
57,-0.8188,3801.1406033039093,Bayes,0.016759855728268755,0.01,0.6930896850843467,32,sgd,cosine,-0.8264,Bayes,2
58,-0.7982,3861.504044532776,Bayes,0.00027582230025130207,1e-06,0.5369715297706908,100,adam,cosine,-0.8264,Bayes,2
59,-0.8196,3931.370478630066,Bayes,0.023164410730602908,0.01,0.5,32,sgd,cosine,-0.8264,Bayes,2
60,-0.8064,4001.125752925873,Bayes,0.030136313425547793,0.003129458366538934,0.5,32,sgd,cosine,-0.8264,Bayes,2
1,-0.5648,58.58436036109924,Optuna-TPE,0.004099511084931485,1.2697111322756417e-06,0.7693346141605675,106,rmsprop,none,-0.5648,Optuna-TPE,2
2,-0.611,122.4699490070343,Optuna-TPE,0.009063182699246287,3.4539797048540497e-06,0.7516532794202158,53,adam,step,-0.611,Optuna-TPE,2
3,-0.5956,188.15532112121582,Optuna-TPE,0.0038336428262004977,2.4328966625910134e-06,0.562308386133626,166,rmsprop,none,-0.611,Optuna-TPE,2
4,-0.3934,253.75959396362305,Optuna-TPE,0.006121541974131185,0.00010494140636630786,0.689577399048094,288,rmsprop,step,-0.611,Optuna-TPE,2
5,-0.4924,334.3647849559784,Optuna-TPE,0.01252705880846933,5.130785434623578e-05,0.7140061588831315,275,adam,step,-0.611,Optuna-TPE,2
6,-0.188,409.51545119285583,Optuna-TPE,0.00012607260757500248,9.743364637894057e-06,0.5329007416611078,504,sgd,none,-0.611,Optuna-TPE,2
7,-0.7586,466.82798957824707,Optuna-TPE,0.002085175044823153,1.5230559618915376e-06,0.9817451882250342,108,sgd,cosine,-0.7586,Optuna-TPE,2
8,-0.6556,533.1234574317932,Optuna-TPE,0.00011172509637780018,0.001547461155492817,0.6320005108221876,160,adam,none,-0.7586,Optuna-TPE,2
9,-0.4704,600.8123772144318,Optuna-TPE,0.39697893175979954,2.8255621281107965e-06,0.6534966789305596,35,sgd,step,-0.7586,Optuna-TPE,2
10,-0.4454,666.180068731308,Optuna-TPE,0.1824757571236838,0.0012942931098931082,0.5656375620041286,356,adam,cosine,-0.7586,Optuna-TPE,2
11,-0.8032,729.6193661689758,Optuna-TPE,0.0007331772143474942,4.708962276641072e-05,0.9838951409822989,81,adamw,cosine,-0.8032,Optuna-TPE,2
12,-0.801,793.2291054725647,Optuna-TPE,0.000723903537037917,5.314004836272125e-05,0.9841622039264364,81,adamw,cosine,-0.8032,Optuna-TPE,2
13,-0.8042,855.9533755779266,Optuna-TPE,0.000583203339847548,0.0001309178468095154,0.977456351694423,70,adamw,cosine,-0.8042,Optuna-TPE,2
14,-0.8082,917.5521533489227,Optuna-TPE,0.0005597747808365383,0.0003270591011289584,0.8763887772854239,60,adamw,cosine,-0.8082,Optuna-TPE,2
15,-0.8086,983.4931719303131,Optuna-TPE,0.000518627799060607,0.0002716244044912872,0.870078357859177,46,adamw,cosine,-0.8086,Optuna-TPE,2
16,-0.6896,1050.8757355213165,Optuna-TPE,0.0273886929541934,0.00624979956158813,0.8654605994612197,40,adamw,cosine,-0.8086,Optuna-TPE,2
17,-0.7988,1115.0568985939026,Optuna-TPE,0.0002738041029390925,0.0003799215466440129,0.8695922941862826,54,adamw,cosine,-0.8086,Optuna-TPE,2
18,-0.7762,1181.3233547210693,Optuna-TPE,0.001073783822385199,0.0004521870692153053,0.849517986196023,46,adamw,cosine,-0.8086,Optuna-TPE,2
19,-0.6084,1245.70707821846,Optuna-TPE,0.03417181019166038,1.4653774580307768e-05,0.8015185434345977,65,adamw,cosine,-0.8086,Optuna-TPE,2
20,-0.8178,1318.1728069782257,Optuna-TPE,0.00031022664826734934,0.0086248382817914,0.9320326691396297,32,adamw,cosine,-0.8178,Optuna-TPE,2
21,-0.8122,1389.7309274673462,Optuna-TPE,0.00025269517740820883,0.009131514256898553,0.9176722709905655,33,adamw,cosine,-0.8178,Optuna-TPE,2
22,-0.8096,1461.8832433223724,Optuna-TPE,0.0002516794303125205,0.008171939518314256,0.9191606691032896,33,adamw,cosine,-0.8178,Optuna-TPE,2
23,-0.8122,1533.3060007095337,Optuna-TPE,0.00027731783223480946,0.009309153803906354,0.919006576608263,32,adamw,cosine,-0.8178,Optuna-TPE,2
24,-0.8114,1604.961745262146,Optuna-TPE,0.00025204648204641474,0.003021402294458063,0.9223029161584118,33,adamw,cosine,-0.8178,Optuna-TPE,2
25,-0.772,1672.8972833156586,Optuna-TPE,0.0013615900004981733,0.0029262301882029135,0.9315547738053618,42,adamw,cosine,-0.8178,Optuna-TPE,2
26,-0.8024,1745.8897686004639,Optuna-TPE,0.0002082197371074701,0.004057125109996851,0.8024123889788269,32,adamw,cosine,-0.8178,Optuna-TPE,2
27,-0.7512,1814.8118524551392,Optuna-TPE,0.0021757680259226735,0.0011868848807535504,0.9386067155941193,42,adamw,cosine,-0.8178,Optuna-TPE,2
28,-0.4188,1878.4682564735413,Optuna-TPE,0.00012423542745811553,0.009190738652512038,0.8138163364695344,51,sgd,cosine,-0.8178,Optuna-TPE,2
29,-0.6188,1946.542025089264,Optuna-TPE,0.0003233794472723866,0.0008679245076163143,0.8956032861334449,39,rmsprop,none,-0.8178,Optuna-TPE,2
30,-0.4992,2004.370769739151,Optuna-TPE,0.0021589157418472793,0.004510372226456338,0.8192180806981857,90,rmsprop,step,-0.8178,Optuna-TPE,2
31,-0.7334,2070.274030447006,Optuna-TPE,0.001156156444734462,0.002623875565786068,0.9428830286090345,128,adamw,none,-0.8178,Optuna-TPE,2
32,-0.819,2142.549567937851,Optuna-TPE,0.0003436542564424399,0.009884953388056382,0.9060750286107251,32,adamw,cosine,-0.819,Optuna-TPE,2
33,-0.8104,2211.411883831024,Optuna-TPE,0.0004091045604413553,0.006145796755543565,0.8987927115563044,38,adamw,cosine,-0.819,Optuna-TPE,2
34,-0.7826,2276.101622104645,Optuna-TPE,0.00015674558474497544,0.0021370236641558922,0.8392884945036782,52,adamw,cosine,-0.819,Optuna-TPE,2
35,-0.7324,2345.8447575569153,Optuna-TPE,0.004342930970965994,0.007959932400903678,0.9546925611881072,37,adamw,cosine,-0.819,Optuna-TPE,2
36,-0.7754,2419.0717322826385,Optuna-TPE,0.0003772621867811771,0.00474958174178194,0.7756981464047576,32,adam,step,-0.819,Optuna-TPE,2
37,-0.5696,2482.0875527858734,Optuna-TPE,0.0002098759702205163,0.009895100341034463,0.896460218974215,48,rmsprop,cosine,-0.819,Optuna-TPE,2
38,-0.7262,2544.879168987274,Optuna-TPE,0.0001000587049921888,0.0006660190528706458,0.7370547459520022,64,adamw,none,-0.819,Optuna-TPE,2
39,-0.5626,2623.1842935085297,Optuna-TPE,0.0009194763982827183,0.0021108191957392,0.954241397518796,206,sgd,step,-0.819,Optuna-TPE,2
40,-0.402,2689.2074694633484,Optuna-TPE,0.012629551870321897,0.0039719268249124706,0.9084549031359078,42,adam,cosine,-0.819,Optuna-TPE,2
41,-0.5106,2750.601880311966,Optuna-TPE,0.00017921519328495522,0.009883719236370296,0.8408082225505835,59,rmsprop,none,-0.819,Optuna-TPE,2
42,-0.8118,2822.417225122452,Optuna-TPE,0.000357880162184776,0.0031867245527370134,0.9201809982957082,32,adamw,cosine,-0.819,Optuna-TPE,2
43,-0.8132,2891.419203042984,Optuna-TPE,0.0004926161857063665,0.005138030667958928,0.9542603307473537,36,adamw,cosine,-0.819,Optuna-TPE,2
44,-0.7692,2960.9309475421906,Optuna-TPE,0.0017144059368473384,0.00509456822387485,0.9636822058609325,37,adamw,cosine,-0.819,Optuna-TPE,2
45,-0.8088,3027.2859687805176,Optuna-TPE,0.00047518713975883153,0.006072568393639483,0.9631480849656324,44,adamw,cosine,-0.819,Optuna-TPE,2
46,-0.5344,3093.9690356254578,Optuna-TPE,0.00016774169393833437,0.0016747359332746983,0.8859490632540408,36,sgd,cosine,-0.819,Optuna-TPE,2
47,-0.749,3162.87872838974,Optuna-TPE,0.0007518672314893196,5.5345819232791135e-06,0.9886096753747309,36,adamw,step,-0.819,Optuna-TPE,2
48,-0.7268,3226.5756330490112,Optuna-TPE,0.003494324796308602,0.0009997889695593995,0.6820617239231387,54,adamw,cosine,-0.819,Optuna-TPE,2
49,-0.3368,3285.1835145950317,Optuna-TPE,0.10873338910796329,0.001722076154218176,0.9402045012489305,72,adam,cosine,-0.819,Optuna-TPE,2
50,-0.7762,3351.894406080246,Optuna-TPE,0.0007437380609622373,0.006126462237275075,0.7709202325015996,160,adamw,cosine,-0.819,Optuna-TPE,2
51,-0.7848,3415.9562907218933,Optuna-TPE,0.0001446313264677508,2.1229651735644222e-05,0.9690740554332012,48,adamw,cosine,-0.819,Optuna-TPE,2
52,-0.8112,3487.4739129543304,Optuna-TPE,0.0003379657688256734,0.0035528223295316474,0.9221225388789598,32,adamw,cosine,-0.819,Optuna-TPE,2
53,-0.8102,3556.6065349578857,Optuna-TPE,0.0005471193058963096,0.00016695661081577337,0.9108033354127708,36,adamw,cosine,-0.819,Optuna-TPE,2
54,-0.7368,3635.3499851226807,Optuna-TPE,0.0003185981780574526,0.007754403305110151,0.8768610614635561,353,adamw,cosine,-0.819,Optuna-TPE,2
55,-0.8046,3702.246239900589,Optuna-TPE,0.00046879084196184103,0.0025436265300742304,0.850929444554033,40,adamw,cosine,-0.819,Optuna-TPE,2
56,-0.8144,3774.8424909114838,Optuna-TPE,0.0002518590525278781,0.0035379287388878793,0.5747399146280642,32,adamw,cosine,-0.819,Optuna-TPE,2
57,-0.8116,3841.3941259384155,Optuna-TPE,0.00024861229578506717,0.00671975424049865,0.5066236356637741,44,adamw,cosine,-0.819,Optuna-TPE,2
58,-0.7668,3910.309632539749,Optuna-TPE,0.0001041307427136592,0.0048868480085966625,0.5876267345705144,36,adamw,cosine,-0.819,Optuna-TPE,2
59,-0.4224,3976.0517494678497,Optuna-TPE,0.00022047493644503728,0.003960906563302842,0.6022790268805988,40,sgd,cosine,-0.819,Optuna-TPE,2
60,-0.7196,4035.976382493973,Optuna-TPE,0.0008751744209908688,1.406487818108467e-06,0.6343214023051855,230,adamw,none,-0.819,Optuna-TPE,2
1,-0.2096,59.93169188499451,DE,0.07520895659921976,0.007506879871241227,0.5096832714229822,189,rmsprop,cosine,-0.2096,DE,2
2,-0.717,120.52244138717651,DE,0.0038280253088683663,2.9066536285765737e-05,0.9353338160831481,80,sgd,none,-0.717,DE,2
3,-0.6856,199.40900325775146,DE,0.0002851389792752821,0.0006713492565943133,0.7268761522509157,410,adam,step,-0.717,DE,2
4,-0.5522,265.8688008785248,DE,0.04263020622111295,1.8608649607115492e-06,0.7774827158357948,43,adamw,step,-0.717,DE,2
5,-0.702,328.9559164047241,DE,0.010554543618855574,0.00023407027265761045,0.9179985218122602,54,adamw,cosine,-0.717,DE,2
6,-0.7108,395.9143342971802,DE,0.0003605425706106468,6.053927780519114e-06,0.6150647470448166,336,adam,none,-0.717,DE,2
7,-0.5988,467.8806297779083,DE,0.0016622574000497298,0.0026686561104759944,0.82523278972134,98,sgd,step,-0.717,DE,2
8,-0.1,479.7883253097534,DE,0.4832774346729046,9.613942185569451e-05,0.652328042415902,153,rmsprop,step,-0.717,DE,2
9,-0.3512,558.3604390621185,DE,0.2732439762676307,0.00031943977533524547,0.8464260395523161,278,sgd,step,-0.717,DE,2
10,-0.6306,621.4717102050781,DE,0.0010735305153347758,1.2368160294556685e-06,0.6579318574257195,54,rmsprop,step,-0.717,DE,2
11,-0.7442,684.5903210639954,DE,0.0005959810490673709,0.004989410151039479,0.8817772566247731,152,adamw,none,-0.7442,DE,2
12,-0.6646,743.6947090625763,DE,0.019934291720578725,1.3830386845196741e-05,0.5632388597726822,119,adam,cosine,-0.7442,DE,2
13,-0.4808,803.3517735004425,DE,0.025732763757400953,0.0017710945733977424,0.7058846894931048,72,adam,cosine,-0.7442,DE,2
14,-0.6704,888.6307985782623,DE,0.00015068093765414485,4.5805916923663766e-05,0.7716770553402602,246,adamw,none,-0.7442,DE,2
15,-0.5662,960.1655421257019,DE,0.006757492291386436,0.00011152363136856435,0.5461212772969156,33,rmsprop,none,-0.7442,DE,2
16,-0.247,1023.780529499054,DE,0.1161974452978283,4.017777371002691e-06,0.9869429042562843,455,sgd,cosine,-0.7442,DE,2
17,-0.5336,1085.8994858264923,DE,0.0005959810490673709,0.004989410151039479,0.8817772566247731,153,rmsprop,none,-0.7442,DE,2
18,-0.5442,1149.804123878479,DE,0.0010943795042794562,2.3064789209676822e-05,0.699299062697949,132,sgd,none,-0.7442,DE,2
19,-0.7384,1214.4705021381378,DE,0.0002851389792752821,0.0006713492565943133,0.6790022083377519,184,adam,step,-0.7442,DE,2
20,-0.7134,1277.0145161151886,DE,0.0002568641544425863,3.1166080723289394e-05,0.7774827158357948,153,rmsprop,cosine,-0.7442,DE,2
21,-0.5656,1341.6136991977692,DE,0.010554543618855574,0.000760222710967179,0.855954424498026,127,adamw,step,-0.7442,DE,2
22,-0.1,1369.6149504184723,DE,0.3216902588205415,3.456900592755295e-05,0.842499999030003,309,adam,none,-0.7442,DE,2
23,-0.4272,1450.7054891586304,DE,0.0007479630901133671,5.2288165311408623e-05,0.8198804260203933,272,sgd,cosine,-0.7442,DE,2
24,-0.4074,1511.491639137268,DE,0.1455712079951808,1.074736228254558e-06,0.6225249104794872,187,adamw,step,-0.7442,DE,2
25,-0.5568,1576.5097932815552,DE,0.007699689889062588,0.00031943977533524547,0.5717299085878499,379,sgd,cosine,-0.7442,DE,2
26,-0.6568,1639.6555325984955,DE,0.02899067997999115,1.2368160294556685e-06,0.8316054465382279,56,adam,cosine,-0.7442,DE,2
27,-0.1,1653.6468629837036,DE,0.07520895659921976,5.576080155710597e-05,0.9557423882554115,254,rmsprop,cosine,-0.7442,DE,2
28,-0.7616,1716.3465020656586,DE,0.019934291720578725,1.3746353363235303e-05,0.8922122400912758,144,sgd,step,-0.7616,DE,2
29,-0.4726,1787.4244079589844,DE,0.147677703811642,0.0001259388385757989,0.6238561792912084,118,adam,step,-0.7616,DE,2
30,-0.6622,1858.7679860591888,DE,0.00015068093765414485,2.02399284491558e-06,0.942174170447933,246,adam,none,-0.7616,DE,2
31,-0.1008,1919.9079155921936,DE,0.07208826605424329,0.0061389851056506605,0.5218920819847532,187,rmsprop,none,-0.7616,DE,2
32,-0.643,1976.9573922157288,DE,0.1161974452978283,4.017777371002691e-06,0.5456436284646466,112,sgd,step,-0.7616,DE,2
33,-0.7938,2035.0966157913208,DE,0.019934291720578725,1.3746353363235303e-05,0.8267712634622535,101,sgd,cosine,-0.7938,DE,2
34,-0.4788,2098.929476737976,DE,0.0013074496970814451,2.9066536285765737e-05,0.6923013789672561,309,sgd,none,-0.7938,DE,2
35,-0.7894,2162.0765311717987,DE,0.003907480173819266,0.0006713492565943133,0.9741031606682207,47,sgd,cosine,-0.7938,DE,2
36,-0.7864,2223.9260761737823,DE,0.030040335874504345,1.0074230305536874e-06,0.7774827158357948,153,sgd,cosine,-0.7938,DE,2
37,-0.737,2286.979918718338,DE,0.0008189972273703891,1.4206121701009129e-06,0.8676277484409066,54,adamw,step,-0.7938,DE,2
38,-0.6578,2351.025146484375,DE,0.008487130553837494,6.053927780519114e-06,0.7583999993800716,136,adam,cosine,-0.7938,DE,2
39,-0.5654,2409.661258459091,DE,0.0016622574000497298,9.695868216245021e-05,0.6683928079957225,98,sgd,cosine,-0.7938,DE,2
40,-0.4934,2489.148068666458,DE,0.004538496008555486,1.074736228254558e-06,0.6038115421620308,344,adam,step,-0.7938,DE,2
41,-0.4978,2549.9826967716217,DE,0.3300644010812229,0.002819213942739099,0.6044908672465431,220,sgd,cosine,-0.7938,DE,2
42,-0.5344,2612.4693624973297,DE,0.0716506806663856,1.2368160294556685e-06,0.8316054465382279,151,adam,cosine,-0.7938,DE,2
43,-0.1,2624.8354313373566,DE,0.04642484282293546,0.0019601956937369564,0.9545419610257129,189,rmsprop,cosine,-0.7938,DE,2
44,-0.4934,2689.209431409836,DE,0.0005959810490673709,0.004989410151039479,0.8817772566247731,309,sgd,none,-0.7938,DE,2
45,-0.5138,2764.1108586788177,DE,0.03603280965804433,0.0030725102741414835,0.6268604023382338,216,adam,cosine,-0.7938,DE,2
46,-0.5708,2842.9818053245544,DE,0.0032298704583021793,4.5805916923663766e-05,0.8695845564615525,424,adamw,cosine,-0.7938,DE,2
47,-0.1,2854.9674553871155,DE,0.047208495035804196,2.8571746738646153e-05,0.6491914702118675,156,rmsprop,none,-0.7938,DE,2
48,-0.7018,2921.0319423675537,DE,0.1161974452978283,1.2975622419669953e-06,0.6183318297859732,39,sgd,cosine,-0.7938,DE,2
49,-0.5044,3001.2781021595,DE,0.14119150853958434,3.7429932279149193e-06,0.6380529074078313,316,sgd,step,-0.7938,DE,2
50,-0.4734,3061.304897069931,DE,0.23572923667052526,1.1212051649146862e-05,0.773975936854084,80,adamw,none,-0.7938,DE,2
51,-0.53,3129.0278663635254,DE,0.003907480173819266,0.008216415763092373,0.9741031606682207,327,adamw,step,-0.7938,DE,2
52,-0.4686,3190.8254766464233,DE,0.0004569264830765456,1.0074230305536874e-06,0.7774827158357948,67,sgd,step,-0.7938,DE,2
53,-0.6346,3250.982425928116,DE,0.0066786363150246235,9.202366280664653e-05,0.7266682741728053,102,adamw,none,-0.7938,DE,2
54,-0.479,3310.6244175434113,DE,0.07556264794283303,1.4393742432071802e-05,0.6150647470448166,73,adamw,step,-0.7938,DE,2
55,-0.5294,3379.1422810554504,DE,0.0016622574000497298,0.0026686561104759944,0.5574004762027778,35,rmsprop,step,-0.7938,DE,2
56,-0.5878,3439.077883720398,DE,0.009466725913122724,0.0007786641041925459,0.6877747277401502,89,adam,step,-0.7938,DE,2
57,-0.4054,3504.375345468521,DE,0.0006281334186050077,1.91184341351733e-05,0.9132934070481245,379,rmsprop,step,-0.7938,DE,2
58,-0.6122,3567.308908700943,DE,0.04381331464601129,1.2368160294556685e-06,0.6013232983049177,56,adam,none,-0.7938,DE,2
59,-0.7584,3644.7646920681,DE,0.07520895659921976,0.007506879871241227,0.9128739271643334,170,sgd,cosine,-0.7938,DE,2
60,-0.1206,3703.8593244552612,DE,0.033723212607410846,2.454352480979722e-06,0.5845111427336496,73,rmsprop,none,-0.7938,DE,2
1,-0.4208,63.49700975418091,PSO,0.09122873157326562,0.00025542798985646694,0.874830331621324,51,adam,step,-0.4208,PSO,2
2,-0.735,121.4394166469574,PSO,0.002085175044823153,1.5230559618915376e-06,0.9817451882250342,109,adamw,cosine,-0.735,PSO,2
3,-0.7486,204.8593728542328,PSO,0.0009136672312739427,3.52825155233518e-05,0.9076882808209055,247,adam,cosine,-0.7486,PSO,2
4,-0.548,275.1609396934509,PSO,0.08903831872419489,1.1955154427905242e-05,0.785515595379227,34,adamw,step,-0.7486,PSO,2
5,-0.5818,338.4249053001404,PSO,0.006897013426884358,4.566919426699717e-05,0.6719272316378038,148,rmsprop,cosine,-0.7486,PSO,2
6,-0.4926,404.17876291275024,PSO,0.058284563778953954,0.00023817581749521107,0.7716322931951183,286,adam,step,-0.7486,PSO,2
7,-0.6708,467.62701296806335,PSO,0.0027262630133426434,1.3656305674783414e-05,0.5027312951870798,216,adam,cosine,-0.7486,PSO,2
8,-0.7078,547.4009137153625,PSO,0.001410817692172495,5.130439748291819e-05,0.8169811078704459,324,adam,cosine,-0.7486,PSO,2
9,-0.4772,629.9085128307343,PSO,0.006444628081972956,2.9252807633116248e-05,0.5204303473050402,257,adamw,step,-0.7486,PSO,2
10,-0.6756,696.7689402103424,PSO,0.002387366882186931,5.248489127171743e-05,0.7686962355601783,294,adamw,cosine,-0.7486,PSO,2
11,-0.7454,766.2119030952454,PSO,0.00013198492053173718,2.221153464643625e-05,0.5018488082078251,39,adam,none,-0.7486,PSO,2
12,-0.7458,831.9337601661682,PSO,0.000710997373327883,6.378135576593564e-06,0.8600108253545611,349,adam,cosine,-0.7486,PSO,2
13,-0.757,909.9103848934174,PSO,0.0007073903603659923,3.3606297102447865e-05,0.5598224526536753,304,adam,cosine,-0.757,PSO,2
14,-0.68,972.5415596961975,PSO,0.004857568997422555,2.1826097134028296e-05,0.7563619510405653,146,adamw,cosine,-0.757,PSO,2
15,-0.6664,1038.046665430069,PSO,0.0005697008663542558,4.395506878778255e-05,0.7673884133084152,351,adam,none,-0.757,PSO,2
16,-0.3532,1117.4251477718353,PSO,0.03917356954851272,9.598499373869127e-06,0.6277099742007101,281,adam,step,-0.757,PSO,2
17,-0.7368,1183.1487188339233,PSO,0.00036219749269308834,5.127510857122566e-05,0.590641841251219,373,adam,cosine,-0.757,PSO,2
18,-0.7756,1249.49906873703,PSO,0.0005009025671062979,2.719904765622865e-05,0.6762431250452899,294,adam,cosine,-0.7756,PSO,2
19,-0.7086,1316.6964721679688,PSO,0.0015194861213796527,2.097541863038465e-05,0.8560141014823006,272,adam,cosine,-0.7756,PSO,2
20,-0.77,1385.056269645691,PSO,0.0004757917069847152,4.378412652827712e-05,0.8881102625138995,269,adam,cosine,-0.7756,PSO,2
21,-0.6414,1462.5511455535889,PSO,0.0019776138245749825,1.1130262894777303e-05,0.6796719564404137,435,adam,cosine,-0.7756,PSO,2
22,-0.7562,1529.3946740627289,PSO,0.0005974830189340571,6.301980648747156e-05,0.6107332899492008,318,adam,cosine,-0.7756,PSO,2
23,-0.7022,1608.8997526168823,PSO,0.00042150265784033194,2.4469225072686612e-05,0.7344534612410973,289,adam,none,-0.7756,PSO,2
24,-0.3814,1688.6422760486603,PSO,0.00044670285177691045,2.6092379988766063e-05,0.7647641857905566,386,sgd,none,-0.7756,PSO,2
25,-0.776,1771.5656127929688,PSO,0.00046396298795737644,2.2105645054001187e-05,0.9476822702955439,251,adam,cosine,-0.776,PSO,2
26,-0.1,1784.438811302185,PSO,0.4272998094947707,3.73984963097694e-05,0.7549737760385183,131,adam,cosine,-0.776,PSO,2
27,-0.773,1852.6327245235443,PSO,0.0005504182356228974,6.783605811414954e-05,0.6670942077339483,260,adam,cosine,-0.776,PSO,2
28,-0.731,1934.7736010551453,PSO,0.0005280466469395737,2.4520546304907405e-05,0.8269758382471175,258,adam,step,-0.776,PSO,2
29,-0.7278,2001.0941939353943,PSO,0.0009249579137861443,1.8246524237339914e-05,0.7732453679861881,370,adam,cosine,-0.776,PSO,2
30,-0.7264,2084.8931109905243,PSO,0.00045815936793905523,1.5707115723745152e-05,0.9774682741863661,243,adam,step,-0.776,PSO,2
31,-0.3614,2155.612708091736,PSO,0.16111155664825533,2.5049154848530032e-05,0.7343204555540802,33,adam,cosine,-0.776,PSO,2
32,-0.7816,2219.900097846985,PSO,0.0005075953048541226,3.385674092891709e-05,0.8515208723567752,224,adam,cosine,-0.7816,PSO,2
33,-0.7688,2287.678638935089,PSO,0.0005114683767208583,2.478339309401753e-05,0.7283849749871867,260,adam,cosine,-0.7816,PSO,2
34,-0.7364,2355.205394268036,PSO,0.0012434817342634262,1.671740630992864e-05,0.930699677294513,267,adam,cosine,-0.7816,PSO,2
35,-0.774,2425.5664892196655,PSO,0.00046513910102882413,2.377599550177858e-05,0.9421881699218523,247,adam,cosine,-0.7816,PSO,2
36,-0.6802,2488.1108746528625,PSO,0.0015342877845503288,2.6165222756474712e-05,0.5366556603338245,182,adam,none,-0.7816,PSO,2
37,-0.7912,2552.895554304123,PSO,0.0004874499021444462,2.3918691848615886e-05,0.9437342046681887,207,adam,cosine,-0.7912,PSO,2
38,-0.7276,2621.4095027446747,PSO,0.00048785160671030355,3.669355702393159e-05,0.7442503867504697,276,adam,step,-0.7912,PSO,2
39,-0.7014,2685.6658453941345,PSO,0.0010434819386085114,1.6238842181360328e-05,0.9492998526644959,181,adam,step,-0.7912,PSO,2
40,-0.7356,2768.412148952484,PSO,0.0004733568765196744,3.38015161465772e-05,0.8884600817696612,242,adam,step,-0.7912,PSO,2
41,-0.7464,2828.0779123306274,PSO,0.0011396377234487544,2.4387219032131095e-05,0.5956740518800766,91,adam,none,-0.7912,PSO,2
42,-0.7894,2890.9800493717194,PSO,0.0004776790375706916,2.010405021741904e-05,0.9898408708238954,200,adam,cosine,-0.7912,PSO,2
43,-0.7444,2967.013956308365,PSO,0.00047832500186605574,3.673836909811984e-05,0.9628853973660395,191,adam,step,-0.7912,PSO,2
44,-0.6906,3045.4924540519714,PSO,0.0007268638751195136,2.121678398956833e-05,0.9507103015319986,303,adam,step,-0.7912,PSO,2
45,-0.7496,3109.6738691329956,PSO,0.00048170557367946523,2.2473702773992334e-05,0.938709751651574,224,adam,none,-0.7912,PSO,2
46,-0.611,3167.193098783493,PSO,0.025657620457689517,2.3508022913676947e-05,0.7945467409712874,115,adam,cosine,-0.7912,PSO,2
47,-0.789,3234.8465073108673,PSO,0.0004813730333162203,2.8875461600643177e-05,0.9319936219448859,203,adam,cosine,-0.7912,PSO,2
48,-0.7378,3299.222072124481,PSO,0.0005208601795540881,1.7838813413711537e-05,0.525209073887279,181,adam,step,-0.7912,PSO,2
49,-0.7334,3382.812463283539,PSO,0.00046671258030986905,2.0773940816301593e-05,0.9308876537707976,227,adam,step,-0.7912,PSO,2
50,-0.677,3467.947548866272,PSO,0.000475622497401092,1.9670546732908458e-05,0.9779679671489245,211,adam,none,-0.7912,PSO,2
51,-0.6974,3533.0585131645203,PSO,0.0012356148710816154,2.384601049409435e-05,0.8180469670963607,122,adam,step,-0.7912,PSO,2
52,-0.7946,3597.0452268123627,PSO,0.0004897525322560455,2.572957318472321e-05,0.9114473867888936,207,adam,cosine,-0.7946,PSO,2
53,-0.719,3664.450755596161,PSO,0.0004973738334639829,1.8717024454903127e-05,0.6592998320295923,276,adam,step,-0.7946,PSO,2
54,-0.656,3727.146717071533,PSO,0.0015132009277114666,2.318180586284573e-05,0.9331006623636651,181,adamw,step,-0.7946,PSO,2
55,-0.7486,3809.2074139118195,PSO,0.00047308536260209634,2.142323538033105e-05,0.9383438818632874,221,adam,none,-0.7946,PSO,2
56,-0.6426,3872.0434272289276,PSO,0.0051656813193573245,2.5744451211087014e-05,0.7307517727124362,206,adam,cosine,-0.7946,PSO,2
57,-0.7844,3957.837803840637,PSO,0.000493996823839242,2.4287589007457875e-05,0.9011742692108974,209,adam,cosine,-0.7946,PSO,2
58,-0.714,4044.686394929886,PSO,0.000489711859305814,2.8365656109757924e-05,0.6006108535493764,300,adam,step,-0.7946,PSO,2
59,-0.6972,4111.207188129425,PSO,0.0014037823637987994,2.3161745833147985e-05,0.9184953909483288,298,adam,none,-0.7946,PSO,2
60,-0.7238,4182.182567834854,PSO,0.0004928018938572851,2.7669774826224088e-05,0.9149011411615346,251,adam,none,-0.7946,PSO,2
0,-0.7482,71.77469730377197,HDGPSO,0.0009283151483108409,1.563020138495464e-05,0.8989706128911974,41,adamw,none,-0.7482,HDGPSO,2
0,-0.7814,135.22141313552856,HDGPSO,0.0004954963209043007,1.6618296731253214e-06,0.6347349902739586,198,adamw,cosine,-0.7814,HDGPSO,2
0,-0.5294,196.66598796844482,HDGPSO,0.003983715525159516,0.0004755423441760446,0.7071644899023626,185,rmsprop,none,-0.7814,HDGPSO,2
0,-0.5588,257.54593658447266,HDGPSO,0.0028093672186792675,5.610612550712951e-06,0.6695207261301492,132,rmsprop,none,-0.7814,HDGPSO,2
0,-0.4808,318.5093364715576,HDGPSO,0.0015025008717691095,0.004975853508419416,0.7307458438537212,219,sgd,cosine,-0.7814,HDGPSO,2
1,-0.7482,387.4247591495514,HDGPSO,0.0009283151483108409,1.563020138495464e-05,0.6303558070385525,41,adamw,none,-0.7814,HDGPSO,2
1,-0.7814,453.155570268631,HDGPSO,0.0004954963209043007,1.6618296731253214e-06,0.5725846746723816,198,adamw,cosine,-0.7814,HDGPSO,2
1,-0.5502,516.8676352500916,HDGPSO,0.003983715525159516,1.0000000000000004e-06,0.7071644899023626,185,rmsprop,none,-0.7814,HDGPSO,2
1,-0.3764,593.2916116714478,HDGPSO,0.00481824675162341,0.010000000000000004,0.5773009454626533,512,rmsprop,cosine,-0.7814,HDGPSO,2
1,-0.4902,654.5141861438751,HDGPSO,0.0016426984963677875,0.001079325978045101,0.7307458438537212,219,sgd,cosine,-0.7814,HDGPSO,2
1,-0.5436,720.5937142372131,HDGPSO,0.006259641176501784,0.0001799997851356658,0.5305942663133344,44,rmsprop,step,-0.7814,HDGPSO,2
1,-0.6998,796.9384951591492,HDGPSO,0.0022372685185767377,0.0007797651966623707,0.9299946361293113,32,adamw,none,-0.7814,HDGPSO,2
1,-0.4058,873.5830199718475,HDGPSO,0.014487574023960984,0.0005001189758360254,0.5,512,adamw,cosine,-0.7814,HDGPSO,2
1,-0.5048,934.4023368358612,HDGPSO,0.016359113294157086,1.532070162649012e-06,0.8200153955823439,82,rmsprop,step,-0.7814,HDGPSO,2
1,-0.7442,993.4516413211823,HDGPSO,0.0001809761209869037,0.0003292304832308835,0.8734707063008617,103,rmsprop,cosine,-0.7814,HDGPSO,2
1,-0.361,1057.8376252651215,HDGPSO,0.00010000000000000009,1.6711617963317433e-05,0.9288753596885055,162,sgd,cosine,-0.7814,HDGPSO,2
1,-0.681,1134.9572880268097,HDGPSO,0.00021191623513733314,6.145358888018533e-06,0.6391337818561014,512,adamw,cosine,-0.7814,HDGPSO,2
1,-0.7664,1210.999315738678,HDGPSO,0.002532793511584808,1.0000000000000004e-06,0.6834498812886389,32,adamw,cosine,-0.7814,HDGPSO,2
1,-0.2128,1287.525628566742,HDGPSO,0.0003394510129391475,1.30342203345432e-05,0.5,512,sgd,cosine,-0.7814,HDGPSO,2
1,-0.772,1351.7539813518524,HDGPSO,0.0006827442553360887,1.036073954677006e-06,0.7253182243583138,187,adam,cosine,-0.7814,HDGPSO,2
2,-0.2036,1415.463755607605,HDGPSO,0.00010000000000000009,1.6711617963317433e-05,0.5,162,sgd,cosine,-0.7814,HDGPSO,2
2,-0.6138,1491.8937311172485,HDGPSO,0.00010000000000000009,9.858380023432918e-06,0.6391337818561014,512,adamw,cosine,-0.7814,HDGPSO,2
2,-0.7268,1574.19180393219,HDGPSO,0.002532793511584808,1.2639721615562239e-06,0.6834498812886389,74,adamw,cosine,-0.7814,HDGPSO,2
2,-0.7188,1650.000289440155,HDGPSO,0.0003394510129391475,6.94294451157147e-05,0.5,512,adam,cosine,-0.7814,HDGPSO,2
2,-0.7254,1725.8801946640015,HDGPSO,0.000563359882235905,1.036073954677006e-06,0.5,512,adam,cosine,-0.7814,HDGPSO,2
2,-0.7438,1817.0228564739227,HDGPSO,0.00028152620941107685,1.2942108248697848e-05,0.5721287159988866,332,adam,cosine,-0.7814,HDGPSO,2
2,-0.758,1894.3291976451874,HDGPSO,0.003666720196542755,1.0000000000000004e-06,0.5,32,adam,cosine,-0.7814,HDGPSO,2
2,-0.7134,1970.1120309829712,HDGPSO,0.0003634840501343736,1.0000000000000004e-06,0.5721843158275309,512,adam,cosine,-0.7814,HDGPSO,2
2,-0.6738,2048.165542602539,HDGPSO,0.00015061884767956113,5.173717141749594e-06,0.5,367,adam,cosine,-0.7814,HDGPSO,2
2,-0.7154,2123.961811542511,HDGPSO,0.0007813404472338294,0.00010205639872896123,0.5,512,adamw,cosine,-0.7814,HDGPSO,2
2,-0.7642,2196.504567861557,HDGPSO,0.00010000000000000009,1.0000000000000004e-06,0.99,32,adam,none,-0.7814,HDGPSO,2
2,-0.6138,2272.56308221817,HDGPSO,0.00010000000000000009,1.0000000000000004e-06,0.7210080044680096,512,adamw,cosine,-0.7814,HDGPSO,2
2,-0.7188,2344.1980476379395,HDGPSO,0.0003885272495064007,1.0000000000000004e-06,0.8716287152210928,32,rmsprop,cosine,-0.7814,HDGPSO,2
2,-0.124,2420.0755565166473,HDGPSO,0.00010000000000000009,5.5206264023039035e-06,0.5,512,sgd,cosine,-0.7814,HDGPSO,2
2,-0.535,2485.298147201538,HDGPSO,0.0013065160542907333,1.0000000000000004e-06,0.758350705113354,129,sgd,cosine,-0.7814,HDGPSO,2
3,-0.7788,2550.440356731415,HDGPSO,0.0005427909944569294,1.4382680658353443e-06,0.9006723031417592,53,adam,none,-0.7814,HDGPSO,2
3,-0.519,2615.8960502147675,HDGPSO,0.0002755496554687175,1.1649283910747475e-06,0.952593812928294,457,rmsprop,none,-0.7814,HDGPSO,2
3,-0.768,2686.680540561676,HDGPSO,0.0004371093458163335,1.1539518867879433e-06,0.8085407055466952,32,adamw,none,-0.7814,HDGPSO,2
3,-0.6406,2763.2468552589417,HDGPSO,0.00026770894495193134,1.0000000000000004e-06,0.9002966674517479,512,adam,none,-0.7814,HDGPSO,2
3,-0.6176,2826.2493131160736,HDGPSO,0.003646368435221295,1.4421842059799105e-06,0.7476792148671848,122,sgd,none,-0.7814,HDGPSO,2
3,-0.6192,2889.8769793510437,HDGPSO,0.0004298003219827544,0.00010252268003989376,0.6843919279058903,130,adam,none,-0.7814,HDGPSO,2
3,-0.768,2953.5385172367096,HDGPSO,0.0007663609826447068,1.0000000000000004e-06,0.6423812216885751,46,adam,none,-0.7814,HDGPSO,2
3,-0.73,3024.3751406669617,HDGPSO,0.0010976365095395426,1.1166509763553929e-06,0.9646206700723978,32,adam,none,-0.7814,HDGPSO,2
3,-0.7356,3088.5476326942444,HDGPSO,0.0007921405209893441,1.0000000000000004e-06,0.9107772161884806,169,adam,none,-0.7814,HDGPSO,2
3,-0.7698,3159.835299730301,HDGPSO,0.0005186949852459612,2.737872581198461e-06,0.8333689253338474,32,adam,none,-0.7814,HDGPSO,2
3,-0.7414,3231.306181907654,HDGPSO,0.0008935090408693549,1.0000000000000004e-06,0.99,32,adam,none,-0.7814,HDGPSO,2
3,-0.6162,3307.8866324424744,HDGPSO,0.0002467205580443773,1.7024907338970523e-06,0.7482226903626112,512,rmsprop,cosine,-0.7814,HDGPSO,2
3,-0.727,3375.1336414813995,HDGPSO,0.0008464553214911563,1.0000000000000004e-06,0.5,40,rmsprop,cosine,-0.7814,HDGPSO,2
3,-0.7702,3454.589371919632,HDGPSO,0.0005340645133584728,1.97383589943451e-06,0.5,277,adam,cosine,-0.7814,HDGPSO,2
3,-0.7268,3530.7166695594788,HDGPSO,0.0004578739247863728,1.409762186301435e-06,0.5,512,adam,cosine,-0.7814,HDGPSO,2
4,-0.8132,3600.547295331955,HDGPSO,0.0004439711716258054,1.3940849337021276e-06,0.922299038920442,41,adam,cosine,-0.8132,HDGPSO,2
4,-0.7112,3676.8746547698975,HDGPSO,0.0007487872823943513,2.0581243720281225e-06,0.7923167606277336,506,adamw,cosine,-0.8132,HDGPSO,2
4,-0.5554,3743.7765758037567,HDGPSO,0.0005322717873021364,1.0000000000000004e-06,0.99,44,rmsprop,cosine,-0.8132,HDGPSO,2
4,-0.7672,3812.0125341415405,HDGPSO,0.0005340645133584728,1.409762186301435e-06,0.5,277,adamw,cosine,-0.8132,HDGPSO,2
4,-0.7646,3881.5084619522095,HDGPSO,0.0004606710798190448,1.0000000000000004e-06,0.5339747561075548,268,adam,cosine,-0.8132,HDGPSO,2
4,-0.8114,3947.3920814990997,HDGPSO,0.00040469340653428033,2.0531898340932e-06,0.5682185673055944,62,adam,cosine,-0.8132,HDGPSO,2
4,-0.7784,4027.504450559616,HDGPSO,0.0005735928216321509,1.6934610563296787e-06,0.5809713621165494,238,adam,cosine,-0.8132,HDGPSO,2
4,-0.7552,4092.1837034225464,HDGPSO,0.002236075370823527,1.0000000000000004e-06,0.6893740761294638,52,adam,cosine,-0.8132,HDGPSO,2
4,-0.8104,4155.188058614731,HDGPSO,0.0004772517031806847,1.0000000000000004e-06,0.6767266417474741,56,adam,cosine,-0.8132,HDGPSO,2
4,-0.7542,4226.983901977539,HDGPSO,0.0010354876632802496,1.0000000000000004e-06,0.6283059819493848,235,adam,cosine,-0.8132,HDGPSO,2
0,-0.6434,64.1971755027771,SMAC,218,0.0001029869127,0.929785359744,adam,step,1.0973901e-06,-0.6434,SMAC,2
1,-0.101,130.4478964805603,SMAC,48,0.0455010678165,0.6921258104965,rmsprop,none,0.002307399998,-0.6434,SMAC,2
2,-0.632,188.92005586624146,SMAC,112,0.0011620995202,0.8002536316495,sgd,none,0.0002909896836,-0.6434,SMAC,2
3,-0.1,217.73918986320496,SMAC,388,0.4785176783692,0.5463283333648,adamw,cosine,1.33803431e-05,-0.6434,SMAC,2
4,-0.6622,284.9776132106781,SMAC,294,0.002634459037,0.645111889923,adamw,cosine,3.9518641e-06,-0.6622,SMAC,2
5,-0.6994,366.4993190765381,SMAC,291,0.0017549286564,0.7508858911215,adamw,cosine,4.2203741e-06,-0.6994,SMAC,2
6,-0.6212,428.038316488266,SMAC,150,0.0090082490292,0.7135456698506,adamw,cosine,0.0090321209179,-0.6994,SMAC,2
7,-0.6862,494.6986813545227,SMAC,330,0.0018700844218,0.7474621888918,adamw,cosine,5.8248016e-06,-0.6994,SMAC,2
8,-0.6886,561.4948632717133,SMAC,336,0.002003756071,0.7572126158486,adamw,cosine,1.9610348e-06,-0.6994,SMAC,2
9,-0.694,642.0738425254822,SMAC,302,0.0017827493414,0.7727293997347,adamw,cosine,1.2291727e-06,-0.6994,SMAC,2
10,-0.6952,724.0255842208862,SMAC,261,0.002069152009,0.6509712671033,adamw,cosine,2.3286957e-06,-0.6994,SMAC,2
11,-0.6882,790.4199810028076,SMAC,281,0.0019014153014,0.6409598424471,adamw,cosine,1.7130063e-06,-0.6994,SMAC,2
12,-0.6786,858.8853933811188,SMAC,286,0.0020694659492,0.9084934727241,adamw,cosine,1.7917049e-06,-0.6994,SMAC,2
13,-0.5248,931.9899039268494,SMAC,313,0.0016221423499,0.7561797578978,rmsprop,cosine,4.4184513e-06,-0.6994,SMAC,2
14,-0.4866,996.9752774238586,SMAC,301,0.0015992920727,0.7552661934507,rmsprop,cosine,4.169005e-06,-0.6994,SMAC,2
15,-0.4958,1075.4400596618652,SMAC,311,0.0016660837774,0.7572862900207,rmsprop,cosine,5.4781947e-06,-0.6994,SMAC,2
16,-0.5558,1153.7688944339752,SMAC,305,0.0015778537316,0.7564537136642,rmsprop,cosine,5.586824e-06,-0.6994,SMAC,2
17,-0.6882,1219.9456276893616,SMAC,46,0.0005309221148,0.5556447767709,rmsprop,step,3.4164977e-06,-0.6994,SMAC,2
18,-0.5076,1302.8329498767853,SMAC,315,0.0015072997069,0.7529739990519,rmsprop,cosine,7.1394072e-06,-0.6994,SMAC,2
19,-0.4138,1377.4588375091553,SMAC,138,0.4968927664737,0.7888800012686,sgd,none,9.2865798e-06,-0.6994,SMAC,2
20,-0.5008,1442.5215559005737,SMAC,303,0.001556917585,0.7543752333399,rmsprop,cosine,4.8571621e-06,-0.6994,SMAC,2
21,-0.6978,1512.4772148132324,SMAC,292,0.0017065268856,0.7442152418624,adamw,cosine,2.482889e-06,-0.6994,SMAC,2
22,-0.701,1577.9218003749847,SMAC,292,0.0016986086623,0.7120785781351,adamw,cosine,2.4727306e-06,-0.701,SMAC,2
23,-0.695,1643.670194387436,SMAC,292,0.0017556992022,0.7433350245708,adamw,cosine,2.5790468e-06,-0.701,SMAC,2
24,-0.6326,1709.7291102409363,SMAC,334,0.0001768129568,0.5220399325568,rmsprop,step,1.6565044e-06,-0.701,SMAC,2
25,-0.6994,1775.3324608802795,SMAC,292,0.0017641442341,0.717721562796,adamw,cosine,2.3779645e-06,-0.701,SMAC,2
26,-0.6738,1842.0305778980255,SMAC,313,0.0019122635375,0.5583879115232,adam,cosine,3.2944925e-06,-0.701,SMAC,2
27,-0.7048,1907.3059887886047,SMAC,292,0.0016934199759,0.7401705871202,adamw,cosine,2.3532147e-06,-0.7048,SMAC,2
28,-0.594,1968.7016081809998,SMAC,57,0.0079079034996,0.691232819798,rmsprop,step,1.30115589e-05,-0.7048,SMAC,2
29,-0.385,2030.3131787776947,SMAC,59,0.1819139811739,0.8722536225471,adamw,none,0.0007705211713,-0.7048,SMAC,2
30,-0.7026,2098.3926899433136,SMAC,289,0.0016480788392,0.7291132782362,adamw,cosine,2.3532147e-06,-0.7048,SMAC,2
31,-0.7152,2174.9251432418823,SMAC,290,0.0016467356599,0.7290188879534,adamw,cosine,2.3140017e-06,-0.7152,SMAC,2
32,-0.7212,2233.44167304039,SMAC,75,0.0018885449272,0.9431996560305,sgd,step,1.0755149e-06,-0.7212,SMAC,2
33,-0.7266,2298.2422292232513,SMAC,290,0.0013614271425,0.7293939486344,adamw,cosine,2.3601209e-06,-0.7266,SMAC,2
34,-0.741,2363.8280267715454,SMAC,289,0.0011797703845,0.7293485629401,adamw,cosine,2.359975e-06,-0.741,SMAC,2
35,-0.7296,2428.902096271515,SMAC,291,0.001159365661,0.7298344555371,adamw,cosine,2.2685814e-06,-0.741,SMAC,2
36,-0.7422,2495.5509057044983,SMAC,289,0.0010933321223,0.7299685215945,adamw,cosine,2.2592077e-06,-0.7422,SMAC,2
37,-0.5962,2570.3003849983215,SMAC,288,0.0007752147544,0.7293377804044,rmsprop,cosine,2.2563616e-06,-0.7422,SMAC,2
38,-0.5528,2636.563729763031,SMAC,289,0.0010572031425,0.7293485629401,rmsprop,cosine,2.1964131e-06,-0.7422,SMAC,2
39,-0.6702,2700.647186279297,SMAC,160,0.0009106291785,0.7293692392374,rmsprop,cosine,2.2205856e-06,-0.7422,SMAC,2
40,-0.685,2763.622921228409,SMAC,131,0.0009230022842,0.7292873591885,rmsprop,cosine,2.1982236e-06,-0.7422,SMAC,2
41,-0.6082,2830.5824098587036,SMAC,288,0.000769396559,0.7298344555371,rmsprop,cosine,2.2582509e-06,-0.7422,SMAC,2
42,-0.5574,2898.1401796340942,SMAC,288,0.0009680574595,0.7306794382643,rmsprop,cosine,2.2539784e-06,-0.7422,SMAC,2
43,-0.7386,2964.985999107361,SMAC,67,0.0029340578028,0.7221114636621,adamw,cosine,0.0067229919979,-0.7422,SMAC,2
44,-0.5772,3034.772547006607,SMAC,261,0.0010610024073,0.7317160729549,rmsprop,cosine,2.2015104e-06,-0.7422,SMAC,2
45,-0.7426,3106.7194077968597,SMAC,288,0.0011076841161,0.7293069065744,adamw,cosine,2.2617812e-06,-0.7426,SMAC,2
46,-0.745,3171.8326737880707,SMAC,289,0.0011179581383,0.7293485629401,adamw,cosine,2.2353831e-06,-0.745,SMAC,2
47,-0.7428,3237.7121279239655,SMAC,288,0.0011172444958,0.7293463290815,adamw,cosine,2.0231737e-06,-0.745,SMAC,2
48,-0.7498,3302.330942630768,SMAC,49,0.0011114050445,0.72249614734,adamw,none,2.263843e-06,-0.7498,SMAC,2
49,-0.7358,3371.931046962738,SMAC,251,0.0011125018683,0.7292469816398,adamw,cosine,2.3617329e-06,-0.7498,SMAC,2
50,-0.7186,3436.936561346054,SMAC,50,0.00111521227,0.7222976229277,adamw,none,2.2751417e-06,-0.7498,SMAC,2
51,-0.739,3503.020138978958,SMAC,289,0.0010967879322,0.7305135178786,adamw,cosine,2.2572259e-06,-0.7498,SMAC,2
52,-0.743,3569.553451061249,SMAC,288,0.0010993951623,0.7308706998691,adamw,cosine,2.0776504e-06,-0.7498,SMAC,2
53,-0.7292,3646.099962234497,SMAC,33,0.0010798512839,0.7248227586652,adamw,none,2.263843e-06,-0.7498,SMAC,2
54,-0.7666,3713.798710823059,SMAC,40,0.0011125018683,0.7242990195416,adamw,none,2.2648617e-06,-0.7666,SMAC,2
55,-0.7294,3778.9206829071045,SMAC,44,0.0011025097327,0.7231129894549,adamw,none,2.156807e-06,-0.7666,SMAC,2
56,-0.5948,3842.1373381614685,SMAC,147,0.0005122974219,0.7938554809605,rmsprop,step,6.0021165e-05,-0.7666,SMAC,2
57,-0.6194,3908.050313949585,SMAC,288,0.0010903145891,0.7257085084035,adamw,none,2.2632373e-06,-0.7666,SMAC,2
58,-0.62,3970.930281639099,SMAC,49,0.0011009179073,0.7258958443058,sgd,none,2.239441e-06,-0.7666,SMAC,2
59,-0.7166,4037.031265258789,SMAC,43,0.0010969692412,0.7246736813544,adamw,none,2.2213412e-06,-0.7666,SMAC,2
